"datasourceid","time","sensor_name","atmpressureindividual_raw","atmpressureindividual_value","bcallsourcesindividual_raw","bcallsourcesindividual_value","bcbiomassindividual_raw","bcbiomassindividual_value","bcfossilfuelindividual_raw","bcfossilfuelindividual_value","bcspectralbindividual_raw","bcspectralbindividual_value","bcspectralgindividual_raw","bcspectralgindividual_value","bcspectralirindividual_raw","bcspectralirindividual_value","bcspectralrindividual_raw","bcspectralrindividual_value","bcspectraluvindividual_raw","bcspectraluvindividual_value","no2concindividual_raw","no2concindividual_value","pm2_5concmassindividual_raw","pm2_5concmassindividual_value","pm2_5concnumindividual_raw","pm2_5concnumindividual_value","relhumidambientindividual","relhumidambientindividual_1","relhumidinternalindividual","relhumidinternalindividual_1","temperatureambientindividual","temperatureambientindividual_1","temperatureinternalindividual","temperatureinternalindividual_1","winddirectionindividual_raw","winddirectionindividual_value","windspeedindividual_raw","windspeedindividual_value","latitude","longitude","location","record_id"
"DIPDE7442","2026-01-17T03:18:51.000","Schiller Park Collocation 3",,,,,,,,,,,,,,,,,,,,,"1.85","4.69","2.69","2.69",,,"62.81","62.81",,,"-0.62","-0.62",,,,,"41.965175","-87.876252","POINT (-87.876252 41.965175)","DIPDE7442_2026-01-17T03_18"
"DFEAJ0038","2026-01-17T11:49:27.000","Hegewisch 2",,,,,,,,,,,,,,,,,,,,,,,,,,,"53.1","53.1",,,"-8.58","-8.58",,,,,"41.6642805","-87.5373633","POINT (-87.5373633 41.6642805)","DFEAJ0038_2026-01-17T11_49"
"DFEAJ0038","2026-01-18T02:24:31.000","Hegewisch 2",,,,,,,,,,,,,,,,,,,,,,,,,,,"66.01","66.01",,,"-8.77","-8.77",,,,,"41.6642805","-87.5373633","POINT (-87.5373633 41.6642805)","DFEAJ0038_2026-01-18T02_24"
"DFEAJ0038","2026-01-17T22:58:37.000","Hegewisch 2",,,,,,,,,,,,,,,,,,,,,,,,,,,"56.4","56.4",,,"-8.33","-8.33",,,,,"41.6642805","-87.5373633","POINT (-87.5373633 41.6642805)","DFEAJ0038_2026-01-17T22_58"
"DIIPF3878","2026-03-01T18:13:33.000","Edgewater 2",,,,,,,,,,,,,,,,,,,,,"0.38","4.3","1.1","1.1",,,"40.45","40.45",,,"-0.17","-0.17",,,,,"41.9859255","-87.65593","POINT (-87.65593 41.9859255)","DIIPF3878_2026-03-01T18_13"
"DAHAJ0678","2026-01-11T22:57:12.000","Ashburn 1",,,,,,,,,,,,,,,,,,,,,"7.35","6.48","6.78","6.78",,,"67.32","67.32",,,"-0.13","-0.13",,,,,"41.7522794","-87.73751065","POINT (-87.73751065 41.7522794)","DAHAJ0678_2026-01-11T22_57"
"DEJMD2536","2026-03-17T19:04:08.000","O'Hare 1",,,,,,,,,,,,,,,,,,,,,"0.69","5.2","1.73","1.73",,,"38.66","38.66",,,"-1.94","-1.94",,,,,"41.9762844","-87.8527641","POINT (-87.8527641 41.9762844)","DEJMD2536_2026-03-17T19_04"
"DIIPF3878","2026-02-24T15:59:20.000","Edgewater 2",,,,,,,,,,,,,,,,,,,,,"10.69","8.7","8.43","8.43",,,"48.29","48.29",,,"-0.79","-0.79",,,,,"41.9859255","-87.65593","POINT (-87.65593 41.9859255)","DIIPF3878_2026-02-24T15_59"
"DIPDE7442","2026-02-04T09:26:48.000","Schiller Park Collocation 3",,,,,,,,,,,,,,,,,,,,,"19.0","10.23","9.53","9.53",,,"73.58","73.58",,,"-7.47","-7.47",,,,,"41.965175","-87.876252","POINT (-87.876252 41.965175)","DIPDE7442_2026-02-04T09_26"
"DIIPF3878","2026-02-07T00:32:55.000","Edgewater 2",,,,,,,,,,,,,,,,,,,,,"0.58","3.37","1.72","1.72",,,"71.74","71.74",,,"-0.18","-0.18",,,,,"41.9859255","-87.65593","POINT (-87.65593 41.9859255)","DIIPF3878_2026-02-07T00_32"
"DIPDE7442","2026-01-25T14:29:30.000","Schiller Park Collocation 3",,,,,,,,,,,,,,,,,,,,,"11.0","7.69","6.67","6.67",,,"81.14","81.14",,,"-11.78","-11.78",,,,,"41.965175","-87.876252","POINT (-87.876252 41.965175)","DIPDE7442_2026-01-25T14_29"
"DFEAJ0038","2026-02-01T12:16:08.000","Hegewisch 2",,,,,,,,,,,,,,,,,,,,,,,,,,,"74.2","74.2",,,"-8.58","-8.58",,,,,"41.6642805","-87.5373633","POINT (-87.5373633 41.6642805)","DFEAJ0038_2026-02-01T12_16"
"DIIPF3878","2026-01-30T22:34:38.000","Edgewater 2",,,,,,,,,,,,,,,,,,,,,"0.0","3.24","0.45","0.45",,,"59.22","59.22",,,"-5.9","-5.9",,,,,"41.9859255","-87.65593","POINT (-87.65593 41.9859255)","DIIPF3878_2026-01-30T22_34"
"DIIPF3878","2026-02-03T20:54:54.000","Edgewater 2",,,,,,,,,,,,,,,,,,,,,"1.85","4.12","3.58","3.58",,,"69.54","69.54",,,"-0.8","-0.8",,,,,"41.9859255","-87.65593","POINT (-87.65593 41.9859255)","DIIPF3878_2026-02-03T20_54"
"DFEAJ0038","2026-01-18T00:24:25.000","Hegewisch 2",,,,,,,,,,,,,,,,,,,,,,,,,,,"59.47","59.47",,,"-8.65","-8.65",,,,,"41.6642805","-87.5373633","POINT (-87.5373633 41.6642805)","DFEAJ0038_2026-01-18T00_24"
"DEJMD2536","2026-03-01T22:22:25.000","O'Hare 1",,,,,,,,,,,,,,,,,,,,,"0.58","4.32","1.3","1.3",,,"47.58","47.58",,,"-0.6","-0.6",,,,,"41.9762844","-87.8527641","POINT (-87.8527641 41.9762844)","DEJMD2536_2026-03-01T22_22"
"DYLLV9237","2026-01-19T01:42:02.000","Portage Park 5",,,,,,,,,,,,,,,,,,,,,,,,,,,"76.26","76.26",,,"-7.61","-7.61",,,,,"41.94900945","-87.76278188336448","POINT (-87.76278188336448 41.94900945)","DYLLV9237_2026-01-19T01_42"
"DYLLV9237","2026-01-31T22:04:23.000","Portage Park 5",,,,,,,,,,,,,,,,,,,,,,,,,,,"62.64","62.64",,,"-1.96","-1.96",,,,,"41.94900945","-87.76278188336448","POINT (-87.76278188336448 41.94900945)","DYLLV9237_2026-01-31T22_04"
"DWBTT8209","2026-01-15T09:40:05.000","Edison Park 1",,,,,,,,,,,,,,,,,,,,,"0.0","3.49","0.57","0.57",,,"62.32","62.32",,,"-8.2","-8.2",,,,,"42.017003","-87.816509","POINT (-87.816509 42.017003)","DWBTT8209_2026-01-15T09_40"
"DIIPF3878","2026-02-11T14:18:41.000","Edgewater 2",,,,,,,,,,,,,,,,,,,,,"21.0","10.5","12.73","12.73",,,"67.72","67.72",,,"-0.84","-0.84",,,,,"41.9859255","-87.65593","POINT (-87.65593 41.9859255)","DIIPF3878_2026-02-11T14_18"
"DFEAJ0038","2026-01-29T14:51:24.000","Hegewisch 2",,,,,,,,,,,,,,,,,,,,,,,,,,,"63.99","63.99",,,"-13.68","-13.68",,,,,"41.6642805","-87.5373633","POINT (-87.5373633 41.6642805)","DFEAJ0038_2026-01-29T14_51"
"DEJMD2536","2026-02-23T03:58:54.000","O'Hare 1",,,,,,,,,,,,,,,,,,,,,"1.0","4.26","1.97","1.97",,,"64.88","64.88",,,"-6.32","-6.32",,,,,"41.9762844","-87.8527641","POINT (-87.8527641 41.9762844)","DEJMD2536_2026-02-23T03_58"
"DEJMD2536","2026-01-31T22:49:03.000","O'Hare 1",,,,,,,,,,,,,,,,,,,,,"0.23","4.0","2.22","2.22",,,"63.46","63.46",,,"-2.91","-2.91",,,,,"41.9762844","-87.8527641","POINT (-87.8527641 41.9762844)","DEJMD2536_2026-01-31T22_49"
"DFEAJ0038","2026-02-05T20:12:20.000","Hegewisch 2",,,,,,,,,,,,,,,,,,,,,"54.33","25.23","32.33","32.33",,,"67.0","67.0",,,"-0.74","-0.74",,,,,"41.6642805","-87.5373633","POINT (-87.5373633 41.6642805)","DFEAJ0038_2026-02-05T20_12"
"DAREG6245","2026-01-15T10:51:00.000","Lake View 5",,,,,,,,,,,,,,,,,,,,,"0.0","3.51","0.85","0.85",,,"63.01","63.01",,,"-7.88","-7.88",,,,,"41.93525075","-87.6725314","POINT (-87.6725314 41.93525075)","DAREG6245_2026-01-15T10_51"
"DIPDE7442","2026-03-01T06:44:43.000","Schiller Park Collocation 3",,,,,,,,,,,,,,,,,,,,,"0.81","4.11","1.61","1.61",,,"64.78","64.78",,,"-2.4","-2.4",,,,,"41.965175","-87.876252","POINT (-87.876252 41.965175)","DIPDE7442_2026-03-01T06_44"
"DYLLV9237","2026-02-05T17:30:46.000","Portage Park 5",,,,,,,,,,,,,,,,,,,,,,,,,,,"69.79","69.79",,,"-2.73","-2.73",,,,,"41.94900945","-87.76278188336448","POINT (-87.76278188336448 41.94900945)","DYLLV9237_2026-02-05T17_30"
"DYLLV9237","2026-01-21T10:52:10.000","Portage Park 5",,,,,,,,,,,,,,,,,,,,,,,,,,,"61.11","61.11",,,"-1.63","-1.63",,,,,"41.94900945","-87.76278188336448","POINT (-87.76278188336448 41.94900945)","DYLLV9237_2026-01-21T10_52"
"DWBTT8209","2026-03-01T13:11:23.000","Edison Park 1",,,,,,,,,,,,,,,,,,,,,"0.0","3.65","0.81","0.81",,,"59.71","59.71",,,"-2.95","-2.95",,,,,"42.017003","-87.816509","POINT (-87.816509 42.017003)","DWBTT8209_2026-03-01T13_11"
"DLAIF4030","2026-03-14T11:26:04.000","Schiller Park Collocation 2",,,,,,,,,,,,,,,,,,,,,"1.65","4.7","2.44","2.44",,,"60.7","60.7",,,"-0.62","-0.62",,,,,"41.965175","-87.876252","POINT (-87.876252 41.965175)","DLAIF4030_2026-03-14T11_26"
"DMLRY2750","2026-05-02T09:52:50.000","North Park 1",,,,,,,,,,,,,,,,,,,,,,,,,,,"82.93","82.93",,,"-0.47","-0.47",,,,,"41.98888865000001","-87.72522068117541","POINT (-87.72522068117541 41.98888865000001)","DMLRY2750_2026-05-02T09_52"
"DWBTT8209","2026-03-17T08:20:08.000","Edison Park 1",,,,,,,,,,,,,,,,,,,,,"0.0","4.2","0.49","0.49",,,"52.2","52.2",,,"-8.13","-8.13",,,,,"42.017003","-87.816509","POINT (-87.816509 42.017003)","DWBTT8209_2026-03-17T08_20"
"DIPDE7442","2026-03-23T06:31:12.000","Schiller Park Collocation 3",,,,,,,,,,,,,,,,,,,,,"9.58","6.38","6.13","6.13",,,"72.01","72.01",,,"-0.04","-0.04",,,,,"41.965175","-87.876252","POINT (-87.876252 41.965175)","DIPDE7442_2026-03-23T06_31"
"DEWGT8066","2026-02-28T22:41:02.000","Portage Park 3",,,,,,,,,,,,,,,,,,,,,,,,,,,"64.68","64.68",,,"-0.87","-0.87",,,,,"41.94911115","-87.74480067538144","POINT (-87.74480067538144 41.94911115)","DEWGT8066_2026-02-28T22_41"
"DAHAJ0678","2026-02-27T13:31:45.000","Ashburn 1",,,,,,,,,,,,,,,,,,,,,"57.12","23.34","38.79","38.79",,,"86.49","86.49",,,"-0.18","-0.18",,,,,"41.7522794","-87.73751065","POINT (-87.73751065 41.7522794)","DAHAJ0678_2026-02-27T13_31"
"DHCXV0760","2026-03-17T08:22:00.000","West Garfield Park 1",,,,,,,,,,,,,,,,,,,,,,,,,,,"50.31","50.31",,,"-7.39","-7.39",,,,,"41.87835895","-87.73628820535262","POINT (-87.73628820535262 41.87835895)","DHCXV0760_2026-03-17T08_22"
"DHCXV0760","2026-03-17T07:30:09.000","West Garfield Park 1",,,,,,,,,,,,,,,,,,,,,,,,,,,"52.8","52.8",,,"-7.31","-7.31",,,,,"41.87835895","-87.73628820535262","POINT (-87.73628820535262 41.87835895)","DHCXV0760_2026-03-17T07_30"
"DWBTT8209","2026-02-07T07:16:36.000","Edison Park 1",,,,,,,,,,,,,,,,,,,,,"0.0","3.94","0.46","0.46",,,"50.98","50.98",,,"-7.23","-7.23",,,,,"42.017003","-87.816509","POINT (-87.816509 42.017003)","DWBTT8209_2026-02-07T07_16"
"DIPDE7442","2026-02-04T02:26:41.000","Schiller Park Collocation 3",,,,,,,,,,,,,,,,,,,,,"14.81","10.95","8.51","8.51",,,"68.44","68.44",,,"-5.0","-5.0",,,,,"41.965175","-87.876252","POINT (-87.876252 41.965175)","DIPDE7442_2026-02-04T02_26"
"DIIPF3878","2026-02-04T00:42:59.000","Edgewater 2",,,,,,,,,,,,,,,,,,,,,"5.0","4.89","4.32","4.32",,,"66.35","66.35",,,"-2.4","-2.4",,,,,"41.9859255","-87.65593","POINT (-87.65593 41.9859255)","DIIPF3878_2026-02-04T00_42"
"DWKUZ0134","2026-02-27T11:53:15.000","Schiller Park Collocation 1",,,,,,,,,,,,,,,,,,,,,"66.17","23.83","46.84","46.84",,,"84.58","84.58",,,"0.09","0.09",,,,,"41.965175","-87.876252","POINT (-87.876252 41.965175)","DWKUZ0134_2026-02-27T11_53"
"DIPDE7442","2026-02-20T22:40:32.000","Schiller Park Collocation 3",,,,,,,,,,,,,,,,,,,,,"22.42","11.02","12.54","12.54",,,"70.3","70.3",,,"-0.19","-0.19",,,,,"41.965175","-87.876252","POINT (-87.876252 41.965175)","DIPDE7442_2026-02-20T22_40"
"DMLRY2750","2026-05-02T08:59:59.000","North Park 1",,,,,,,,,,,,,,,,,,,,,,,,,,,"82.21","82.21",,,"-0.27","-0.27",,,,,"41.98888865000001","-87.72522068117541","POINT (-87.72522068117541 41.98888865000001)","DMLRY2750_2026-05-02T08_59"
"DIIPF3878","2026-03-01T00:25:09.000","Edgewater 2",,,,,,,,,,,,,,,,,,,,,"0.81","3.83","2.02","2.02",,,"71.76","71.76",,,"-1.03","-1.03",,,,,"41.9859255","-87.65593","POINT (-87.65593 41.9859255)","DIIPF3878_2026-03-01T00_25"
"DAWUS6556","2026-02-20T21:49:12.000","Ashburn 5",,,,,,,,,,,,,,,,,,,,,"19.88","9.31","13.0","13.0",,,"67.09","67.09",,,"-0.03","-0.03",,,,,"41.735451850000004","-87.68498598766976","POINT (-87.68498598766976 41.735451850000004)","DAWUS6556_2026-02-20T21_49"
"DIIPF3878","2026-04-07T11:48:36.000","Edgewater 2",,,,,,,,,,,,,,,,,,,,,"0.42","3.84","1.91","1.91",,,"58.83","58.83",,,"-0.03","-0.03",,,,,"41.9859255","-87.65593","POINT (-87.65593 41.9859255)","DIIPF3878_2026-04-07T11_48"
"DEJMD2536","2026-01-14T17:51:20.000","O'Hare 1",,,,,,,,,,,,,,,,,,,,,"0.0","4.13","1.12","1.12",,,"56.03","56.03",,,"-3.91","-3.91",,,,,"41.9762844","-87.8527641","POINT (-87.8527641 41.9762844)","DEJMD2536_2026-01-14T17_51"
"DIIPF3878","2025-12-08T11:09:34.958","Edgewater 2",,,,,,,,,,,,,,,,,,,,,"0.0","3.02","0.81","0.81",,,"65.08","65.08",,,"-2.71","-2.71",,,,,"41.9859255","-87.65593","POINT (-87.65593 41.9859255)","DIIPF3878_2025-12-08T11_09"
"DYLLV9237","2026-02-06T00:46:50.000","Portage Park 5",,,,,,,,,,,,,,,,,,,,,,,,,,,"70.93","70.93",,,"-1.09","-1.09",,,,,"41.94900945","-87.76278188336448","POINT (-87.76278188336448 41.94900945)","DYLLV9237_2026-02-06T00_46"
"DWBTT8209","2026-01-31T05:59:52.000","Edison Park 1",,,,,,,,,,,,,,,,,,,,,"0.0","3.29","0.67","0.67",,,"68.94","68.94",,,"-10.83","-10.83",,,,,"42.017003","-87.816509","POINT (-87.816509 42.017003)","DWBTT8209_2026-01-31T05_59"
"DFEAJ0038","2025-12-08T02:28:49.366","Hegewisch 2",,,,,,,,,,,,,,,,,,,,,"0.96","3.42","1.92","1.92",,,"69.12","69.12",,,"-0.95","-0.95",,,,,"41.6642805","-87.5373633","POINT (-87.5373633 41.6642805)","DFEAJ0038_2025-12-08T02_28"
"DWBTT8209","2026-03-24T04:20:34.000","Edison Park 1",,,,,,,,,,,,,,,,,,,,,"0.38","3.97","1.66","1.66",,,"61.27","61.27",,,"-0.05","-0.05",,,,,"42.017003","-87.816509","POINT (-87.816509 42.017003)","DWBTT8209_2026-03-24T04_20"
"DLAIF4030","2025-12-09T01:47:17.129","Schiller Park Collocation 2",,,,,,,,,,,,,,,,,,,,,"27.0","15.18","16.94","16.94",,,"66.03","66.03",,,"-4.83","-4.83",,,,,"41.965175","-87.876252","POINT (-87.876252 41.965175)","DLAIF4030_2025-12-09T01_47"
"DWBTT8209","2026-01-31T06:52:16.000","Edison Park 1",,,,,,,,,,,,,,,,,,,,,"0.0","3.32","0.58","0.58",,,"67.52","67.52",,,"-10.94","-10.94",,,,,"42.017003","-87.816509","POINT (-87.816509 42.017003)","DWBTT8209_2026-01-31T06_52"
"DFQDK6326","2025-11-11T11:07:39.497","Beverly 1",,,,,,,,,,,,,,,,,,,,,,,,,,,"72.6","72.6",,,"-3.16","-3.16",,,,,"41.732839299999995","-87.67465490628803","POINT (-87.67465490628803 41.732839299999995)","DFQDK6326_2025-11-11T11_07"
"DWKUZ0134","2026-03-24T10:53:46.000","Schiller Park Collocation 1",,,,,,,,,,,,,,,,,,,,,"8.19","6.92","8.19","8.19",,,"49.99","49.99",,,"0.05","0.05",,,,,"41.965175","-87.876252","POINT (-87.876252 41.965175)","DWKUZ0134_2026-03-24T10_53"
"DAHAJ0678","2026-01-21T15:01:10.000","Ashburn 1",,,,,,,,,,,,,,,,,,,,,"25.0","14.31","18.63","18.63",,,"71.86","71.86",,,"-0.72","-0.72",,,,,"41.7522794","-87.73751065","POINT (-87.73751065 41.7522794)","DAHAJ0678_2026-01-21T15_01"
"DFEAJ0038","2025-12-30T22:53:13.723","Hegewisch 2",,,,,,,,,,,,,,,,,,,,,"6.96","5.03","6.24","6.24",,,"76.56","76.56",,,"-5.0","-5.0",,,,,"41.6642805","-87.5373633","POINT (-87.5373633 41.6642805)","DFEAJ0038_2025-12-30T22_53"
"DIPDE7442","2025-12-11T08:07:31.301","Schiller Park Collocation 3",,,,,,,,,,,,,,,,,,,,,"7.0","6.61","5.98","5.98",,,"61.8","61.8",,,"-2.67","-2.67",,,,,"41.965175","-87.876252","POINT (-87.876252 41.965175)","DIPDE7442_2025-12-11T08_07"
"DFEAJ0038","2026-01-05T01:54:01.907","Hegewisch 2",,,,,,,,,,,,,,,,,,,,,"42.39","20.0","29.16","29.16",,,"66.67","66.67",,,"-0.11","-0.11",,,,,"41.6642805","-87.5373633","POINT (-87.5373633 41.6642805)","DFEAJ0038_2026-01-05T01_54"
"DWKUZ0134","2025-12-11T01:09:59.179","Schiller Park Collocation 1",,,,,,,,,,,,,,,,,,,,,"8.73","6.35","8.18","8.18",,,"62.06","62.06",,,"-0.94","-0.94",,,,,"41.965175","-87.876252","POINT (-87.876252 41.965175)","DWKUZ0134_2025-12-11T01_09"
"DEJMD2536","2025-11-10T12:46:32.314","O'Hare 1",,,,,,,,,,,,,,,,,,,,,"0.0","2.67","0.91","0.91",,,"79.44","79.44",,,"-3.35","-3.35",,,,,"41.9762844","-87.8527641","POINT (-87.8527641 41.9762844)","DEJMD2536_2025-11-10T12_46"
"DEJMD2536","2025-12-10T20:18:05.078","O'Hare 1",,,,,,,,,,,,,,,,,,,,,"2.81","4.32","3.51","3.51",,,"72.56","72.56",,,"-0.17","-0.17",,,,,"41.9762844","-87.8527641","POINT (-87.8527641 41.9762844)","DEJMD2536_2025-12-10T20_18"
"DEJMD2536","2025-12-12T07:29:30.712","O'Hare 1",,,,,,,,,,,,,,,,,,,,,"30.5","15.64","16.42","16.42",,,"73.04","73.04",,,"-4.0","-4.0",,,,,"41.9762844","-87.8527641","POINT (-87.8527641 41.9762844)","DEJMD2536_2025-12-12T07_29"
"DYLLV9237","2026-02-20T23:51:16.000","Portage Park 5",,,,,,,,,,,,,,,,,,,,,,,,,,,"68.88","68.88",,,"-0.31","-0.31",,,,,"41.94900945","-87.76278188336448","POINT (-87.76278188336448 41.94900945)","DYLLV9237_2026-02-20T23_51"
"DIPDE7442","2026-01-26T07:50:54.000","Schiller Park Collocation 3",,,,,,,,,,,,,,,,,,,,,"18.75","15.67","8.75","8.75",,,"52.84","52.84",,,"-15.0","-15.0",,,,,"41.965175","-87.876252","POINT (-87.876252 41.965175)","DIPDE7442_2026-01-26T07_50"
"DEJMD2536","2025-12-14T05:32:05.082","O'Hare 1",,,,,,,,,,,,,,,,,,,,,"0.08","4.17","1.38","1.38",,,"61.48","61.48",,,"-15.7","-15.7",,,,,"41.9762844","-87.8527641","POINT (-87.8527641 41.9762844)","DEJMD2536_2025-12-14T05_32"
"DEJMD2536","2025-12-10T22:00:10.827","O'Hare 1",,,,,,,,,,,,,,,,,,,,,"1.96","4.17","2.71","2.71",,,"68.06","68.06",,,"-0.15","-0.15",,,,,"41.9762844","-87.8527641","POINT (-87.8527641 41.9762844)","DEJMD2536_2025-12-10T22_00"
"DIIPF3878","2026-01-26T08:34:47.000","Edgewater 2",,,,,,,,,,,,,,,,,,,,,"10.54","8.76","6.51","6.51",,,"53.58","53.58",,,"-14.0","-14.0",,,,,"41.9859255","-87.65593","POINT (-87.65593 41.9859255)","DIIPF3878_2026-01-26T08_34"
"DYWWS0378","2025-09-18T16:19:43.804","Uptown 4",,,,,,,,,,,,,,,,,,,"0.0","14.39",,,,,,,"53.69","53.69",,,"28.67","28.67",,,,,"41.96225355","-87.67205436320755","POINT (-87.67205436320755 41.96225355)","DYWWS0378_2025-09-18T16_19"
"DIPDE7442","2025-12-14T03:39:44.598","Schiller Park Collocation 3",,,,,,,,,,,,,,,,,,,,,"12.0","9.32","6.33","6.33",,,"59.69","59.69",,,"-14.45","-14.45",,,,,"41.965175","-87.876252","POINT (-87.876252 41.965175)","DIPDE7442_2025-12-14T03_39"
"DFEAJ0038","2025-12-15T17:56:31.734","Hegewisch 2",,,,,,,,,,,,,,,,,,,,,,,,,,,"56.56","56.56",,,"-7.74","-7.74",,,,,"41.6642805","-87.5373633","POINT (-87.5373633 41.6642805)","DFEAJ0038_2025-12-15T17_56"
"DIIPF3878","2025-12-14T17:28:13.726","Edgewater 2",,,,,,,,,,,,,,,,,,,,,"4.77","6.21","4.0","4.0",,,"52.88","52.88",,,"-12.15","-12.15",,,,,"41.9859255","-87.65593","POINT (-87.65593 41.9859255)","DIIPF3878_2025-12-14T17_28"
"DIIPF3878","2025-12-19T02:48:06.106","Edgewater 2",,,,,,,,,,,,,,,,,,,,,"12.85","8.33","9.59","9.59",,,"66.97","66.97",,,"-0.06","-0.06",,,,,"41.9859255","-87.65593","POINT (-87.65593 41.9859255)","DIIPF3878_2025-12-19T02_48"
"DEJMD2536","2025-12-20T10:39:11.891","O'Hare 1",,,,,,,,,,,,,,,,,,,,,"2.42","5.34","3.16","3.16",,,"64.29","64.29",,,"-0.8","-0.8",,,,,"41.9762844","-87.8527641","POINT (-87.8527641 41.9762844)","DEJMD2536_2025-12-20T10_39"
"DIPDE7442","2025-12-21T18:38:58.510","Schiller Park Collocation 3",,,,,,,,,,,,,,,,,,,,,"3.81","6.15","3.06","3.06",,,"40.56","40.56",,,"-0.8","-0.8",,,,,"41.965175","-87.876252","POINT (-87.876252 41.965175)","DIPDE7442_2025-12-21T18_38"
"DLAIF4030","2025-12-20T10:26:08.174","Schiller Park Collocation 2",,,,,,,,,,,,,,,,,,,,,"4.15","5.92","3.83","3.83",,,"60.88","60.88",,,"-0.45","-0.45",,,,,"41.965175","-87.876252","POINT (-87.876252 41.965175)","DLAIF4030_2025-12-20T10_26"
"DLAIF4030","2025-12-20T10:08:30.941","Schiller Park Collocation 2",,,,,,,,,,,,,,,,,,,,,"7.12","6.76","5.56","5.56",,,"61.17","61.17",,,"-0.72","-0.72",,,,,"41.965175","-87.876252","POINT (-87.876252 41.965175)","DLAIF4030_2025-12-20T10_08"
"DIPDE7442","2025-12-19T02:02:03.612","Schiller Park Collocation 3",,,,,,,,,,,,,,,,,,,,,"16.35","8.62","10.26","10.26",,,"70.29","70.29",,,"-0.87","-0.87",,,,,"41.965175","-87.876252","POINT (-87.876252 41.965175)","DIPDE7442_2025-12-19T02_02"
"DEJMD2536","2025-12-30T18:21:20.401","O'Hare 1",,,,,,,,,,,,,,,,,,,,,"0.38","4.08","1.96","1.96",,,"58.65","58.65",,,"-5.63","-5.63",,,,,"41.9762844","-87.8527641","POINT (-87.8527641 41.9762844)","DEJMD2536_2025-12-30T18_21"
"DLAIF4030","2025-12-21T16:22:39.647","Schiller Park Collocation 2",,,,,,,,,,,,,,,,,,,,,"3.0","6.51","2.94","2.94",,,"44.81","44.81",,,"-3.09","-3.09",,,,,"41.965175","-87.876252","POINT (-87.876252 41.965175)","DLAIF4030_2025-12-21T16_22"
"DLAIF4030","2025-12-21T23:42:56.602","Schiller Park Collocation 2",,,,,,,,,,,,,,,,,,,,,"8.31","9.47","6.69","6.69",,,"46.08","46.08",,,"-0.42","-0.42",,,,,"41.965175","-87.876252","POINT (-87.876252 41.965175)","DLAIF4030_2025-12-21T23_42"
"DWKUZ0134","2025-12-19T14:16:06.434","Schiller Park Collocation 1",,,,,,,,,,,,,,,,,,,,,"14.58","8.0","8.39","8.39",,,"65.17","65.17",,,"-11.38","-11.38",,,,,"41.965175","-87.876252","POINT (-87.876252 41.965175)","DWKUZ0134_2025-12-19T14_16"
"DIIPF3878","2025-12-19T03:23:06.245","Edgewater 2",,,,,,,,,,,,,,,,,,,,,"9.58","7.57","8.42","8.42",,,"67.07","67.07",,,"-0.52","-0.52",,,,,"41.9859255","-87.65593","POINT (-87.65593 41.9859255)","DIIPF3878_2025-12-19T03_23"
"DEJMD2536","2025-11-30T01:04:33.154","O'Hare 1",,,,,,,,,,,,,,,,,,,,,"17.5","9.47","12.57","12.57",,,"84.63","84.63",,,"-0.96","-0.96",,,,,"41.9762844","-87.8527641","POINT (-87.8527641 41.9762844)","DEJMD2536_2025-11-30T01_04"
"DWBTT8209","2026-01-01T15:43:43.363","Edison Park 1",,,,,,,,,,,,,,,,,,,,,"0.0","3.7","0.85","0.85",,,"65.97","65.97",,,"-9.57","-9.57",,,,,"42.017003","-87.816509","POINT (-87.816509 42.017003)","DWBTT8209_2026-01-01T15_43"
"DWKUZ0134","2026-01-02T14:37:49.575","Schiller Park Collocation 1",,,,,,,,,,,,,,,,,,,,,"18.69","9.71","11.99","11.99",,,"64.0","64.0",,,"-6.67","-6.67",,,,,"41.965175","-87.876252","POINT (-87.876252 41.965175)","DWKUZ0134_2026-01-02T14_37"
"DIIPF3878","2026-01-01T09:14:48.300","Edgewater 2",,,,,,,,,,,,,,,,,,,,,"0.85","3.85","1.88","1.88",,,"60.79","60.79",,,"-8.78","-8.78",,,,,"41.9859255","-87.65593","POINT (-87.65593 41.9859255)","DIIPF3878_2026-01-01T09_14"
"DYLLV9237","2025-11-30T10:15:58.078","Portage Park 5",,,,,,,,,,,,,,,,,,,,,,,,,,,"80.55","80.55",,,"-0.01","-0.01",,,,,"41.94900945","-87.76278188336448","POINT (-87.76278188336448 41.94900945)","DYLLV9237_2025-11-30T10_15"
"DLAIF4030","2025-12-29T14:05:23.808","Schiller Park Collocation 2",,,,,,,,,,,,,,,,,,,,,"9.92","6.57","7.0","7.0",,,"81.36","81.36",,,"-6.92","-6.92",,,,,"41.965175","-87.876252","POINT (-87.876252 41.965175)","DLAIF4030_2025-12-29T14_05"
"DIIPF3878","2025-12-07T22:19:04.994","Edgewater 2",,,,,,,,,,,,,,,,,,,,,"1.0","3.67","2.28","2.28",,,"73.25","73.25",,,"-3.27","-3.27",,,,,"41.9859255","-87.65593","POINT (-87.65593 41.9859255)","DIIPF3878_2025-12-07T22_19"
"DEJMD2536","2025-12-01T20:56:14.946","O'Hare 1",,,,,,,,,,,,,,,,,,,,,"30.71","17.48","19.83","19.83",,,"73.32","73.32",,,"-0.38","-0.38",,,,,"41.9762844","-87.8527641","POINT (-87.8527641 41.9762844)","DEJMD2536_2025-12-01T20_56"
"DAHAJ0678","2025-11-28T02:25:59.513","Ashburn 1",,,,,,,,,,,,,,,,,,,,,"6.77","7.26","6.5","6.5",,,"58.19","58.19",,,"-1.0","-1.0",,,,,"41.7522794","-87.73751065","POINT (-87.73751065 41.7522794)","DAHAJ0678_2025-11-28T02_25"
"DTKNM4892","2025-12-07T22:59:29.886","Beverly 3",,,,,,,,,,,,,,,,,,,,,,,,,,,"70.69","70.69",,,"-3.47","-3.47",,,,,"41.705905900000005","-87.65691952734281","POINT (-87.65691952734281 41.705905900000005)","DTKNM4892_2025-12-07T22_59"
"DEJMD2536","2025-12-07T12:25:38.379","O'Hare 1",,,,,,,,,,,,,,,,,,,,,"30.45","16.35","17.02","17.02",,,"87.6","87.6",,,"-0.86","-0.86",,,,,"41.9762844","-87.8527641","POINT (-87.8527641 41.9762844)","DEJMD2536_2025-12-07T12_25"
"DIFPQ7419","2026-01-27T05:48:37.000","Avondale 2",,,,,,,,,,,,,,,,,,,,,"18.8","9.39","11.11","11.11",,,"63.38","63.38",,,"-11.74","-11.74",,,,,"41.93555175","-87.6910915509286","POINT (-87.6910915509286 41.93555175)","DIFPQ7419_2026-01-27T05_48"
"DALBP5360","2026-01-26T20:27:45.000","Beverly 4",,,,,,,,,,,,,,,,,,,,,"17.42","12.43","9.62","9.62",,,"50.55","50.55",,,"-11.27","-11.27",,,,,"41.70569725","-87.67464569624644","POINT (-87.67464569624644 41.70569725)","DALBP5360_2026-01-26T20_27"
"DRCQU4244","2026-01-27T06:36:20.000","Roseland 5",,,,,,,,,,,,,,,,,,,,,"24.35","13.79","14.84","14.84",,,"66.12","66.12",,,"-12.45","-12.45",,,,,"41.688699041017024","-87.63708150083987","POINT (-87.63708150083987 41.688699041017024)","DRCQU4244_2026-01-27T06_36"
"DIQKT3554","2026-01-26T13:57:47.000","Lincoln Park 1",,,,,,,,,,,,,,,,,,,,,"10.14","6.6","5.9","5.9",,,"63.77","63.77",,,"-15.71","-15.71",,,,,"41.92154965","-87.65448778150906","POINT (-87.65448778150906 41.92154965)","DIQKT3554_2026-01-26T13_57"
"DDGFW8206","2026-01-27T08:36:09.000","Englewood 3",,,,,,,,,,,,,,,,,,,,,"17.9","9.35","8.83","8.83",,,"66.72","66.72",,,"-11.08","-11.08",,,,,"41.77689575","-87.635949892389","POINT (-87.635949892389 41.77689575)","DDGFW8206_2026-01-27T08_36"
"DTQTJ0507","2026-01-26T22:06:38.000","Douglas 1",,,,,,,,,,,,,,,,,,,,,"16.77","10.56","10.07","10.07",,,"56.85","56.85",,,"-11.85","-11.85",,,,,"41.8404121","-87.61910230081149","POINT (-87.61910230081149 41.8404121)","DTQTJ0507_2026-01-26T22_06"
"DCIRD2804","2026-01-27T14:18:15.000","Near South Side 1",,,,,,,,,,,,,,,,,,,,,"18.23","10.21","10.58","10.58",,,"63.77","63.77",,,"-8.58","-8.58",,,,,"41.86735079697037","-87.61884913697226","POINT (-87.61884913697226 41.86735079697037)","DCIRD2804_2026-01-27T14_18"
"DSKDX3738","2026-01-27T03:22:30.000","Armour Square 3",,,,,,,,,,,,,,,,,,,,,"44.05","18.58","21.29","21.29",,,"69.23","69.23",,,"-14.03","-14.03",,,,,"41.828308899999996","-87.63464506377693","POINT (-87.63464506377693 41.828308899999996)","DSKDX3738_2026-01-27T03_22"
"DYUGS4351","2026-02-10T15:23:09.000","East Garfield Park 2",,,,,,,,,,,,,,,,,,,"12.81","15.03","51.85","25.81","38.66","38.66",,,"62.88","62.88",,,"6.33","6.33",,,,,"41.87840975","-87.70263428383839","POINT (-87.70263428383839 41.87840975)","DYUGS4351_2026-02-10T15_23"
"DFIBC1899","2026-01-27T12:44:15.000","South Deering 7","994.0","994.0",,,,,,,,,,,,,,,,,,,"33.65","14.97","15.9","15.9","76.9","76.9","67.95","67.95","-10.5","-10.5","-8.47","-8.47","284.41","284.41","1.95","1.95","41.66442141105966","-87.58654247521171","POINT (-87.58654247521171 41.66442141105966)","DFIBC1899_2026-01-27T12_44"
"DGHRH9009","2026-01-27T03:12:51.000","Gage Park 1",,,,,,,,,,,,,,,,,,,,,"24.26","10.03","11.27","11.27",,,"70.08","70.08",,,"-14.17","-14.17",,,,,"41.8029067","-87.70321051434516","POINT (-87.70321051434516 41.8029067)","DGHRH9009_2026-01-27T03_12"
"DCRJT8545","2026-02-10T21:33:10.000","Greater Grand Crossing 6",,,,,,,,,,,,,,,,,,,"15.97","23.07","30.02","17.81","25.74","25.74",,,"46.92","46.92",,,"11.23","11.23",,,,,"41.75146495","-87.63629560000001","POINT (-87.63629560000001 41.75146495)","DCRJT8545_2026-02-10T21_33"
"DBFUZ7169","2026-01-27T04:45:09.000","South Chicago 4",,,,,,,,,,,,,,,,,,,,,"30.5","17.34","16.73","16.73",,,"66.54","66.54",,,"-13.44","-13.44",,,,,"41.73860965","-87.55239535029682","POINT (-87.55239535029682 41.73860965)","DBFUZ7169_2026-01-27T04_45"
"DBCBA3610","2026-02-10T20:35:00.000","Austin 5",,,,,,,,,,,,,,,,,,,"12.22","15.11","24.77","15.77","24.27","24.27",,,"51.32","51.32",,,"10.74","10.74",,,,,"41.8669061","-87.753564390105","POINT (-87.753564390105 41.8669061)","DBCBA3610_2026-02-10T20_35"
"DJGDZ3688","2026-01-26T20:55:23.000","Roseland 3",,,,,,,,,,,,,,,,,,,,,"17.27","15.8","11.08","11.08",,,"51.32","51.32",,,"-11.5","-11.5",,,,,"41.70133845","-87.61992013972267","POINT (-87.61992013972267 41.70133845)","DJGDZ3688_2026-01-26T20_55"
"DJJVG1917","2026-01-27T07:37:26.000","Edgewater 1",,,,,,,,,,,,,,,,,,,,,"17.96","11.97","11.51","11.51",,,"66.07","66.07",,,"-11.48","-11.48",,,,,"41.989302800000004","-87.6722930982605","POINT (-87.6722930982605 41.989302800000004)","DJJVG1917_2026-01-27T07_37"
"DCZQF3538","2026-01-27T11:17:41.000","Lower West Side 2",,,,,,,,,,,,,,,,,,,,,"24.73","11.73","12.19","12.19",,,"70.53","70.53",,,"-9.45","-9.45",,,,,"41.85298145","-87.66905187486446","POINT (-87.66905187486446 41.85298145)","DCZQF3538_2026-01-27T11_17"
"DXHCB5919","2026-01-27T11:49:54.000","Uptown 2","992.0","992.0",,,,,,,,,,,,,,,,,,,"18.62","10.09","11.93","11.93","75.1","75.1","62.4","62.4","-10.6","-10.6","-7.97","-7.97","320.22","320.22","1.89","1.89","41.97559665","-87.65386596902835","POINT (-87.65386596902835 41.97559665)","DXHCB5919_2026-01-27T11_49"
"DCIRD2804","2026-01-26T13:42:26.000","Near South Side 1",,,,,,,,,,,,,,,,,,,,,"15.0","8.25","8.28","8.28",,,"64.76","64.76",,,"-15.84","-15.84",,,,,"41.86735079697037","-87.61884913697226","POINT (-87.61884913697226 41.86735079697037)","DCIRD2804_2026-01-26T13_42"
"DIXEX6164","2026-01-27T04:29:08.000","Calumet Heights 1",,,,,,,,,,,,,,,,,,,,,"49.41","19.53","23.49","23.49",,,"67.78","67.78",,,"-13.71","-13.71",,,,,"41.72612465","-87.58623674140375","POINT (-87.58623674140375 41.72612465)","DIXEX6164_2026-01-27T04_29"
"DRDMU5348","2026-01-27T11:45:32.000","Washington Heights 3",,,,,,,,,,,,,,,,,,,,,"15.04","9.23","9.41","9.41",,,"69.78","69.78",,,"-10.23","-10.23",,,,,"41.71400135","-87.63668979964916","POINT (-87.63668979964916 41.71400135)","DRDMU5348_2026-01-27T11_45"
"DIEET8865","2026-01-27T10:32:54.000","Hyde Park 4",,,,,,,,,,,,,,,,,,,,,"18.81","12.21","8.88","8.88",,,"69.76","69.76",,,"-10.08","-10.08",,,,,"41.7864527902171","-87.60174594829185","POINT (-87.60174594829185 41.7864527902171)","DIEET8865_2026-01-27T10_32"
"DFAQM2360","2026-01-27T10:18:01.000","Englewood 1",,,,,,,,,,,,,,,,,,,,,"33.48","16.77","21.5","21.5",,,"69.51","69.51",,,"-10.14","-10.14",,,,,"41.78968585","-87.65259587249278","POINT (-87.65259587249278 41.78968585)","DFAQM2360_2026-01-27T10_18"
"DJJVG1917","2026-01-27T10:32:12.000","Edgewater 1",,,,,,,,,,,,,,,,,,,,,"25.72","14.68","13.53","13.53",,,"70.34","70.34",,,"-10.07","-10.07",,,,,"41.989302800000004","-87.6722930982605","POINT (-87.6722930982605 41.989302800000004)","DJJVG1917_2026-01-27T10_32"
"DYUGS4351","2026-02-10T20:15:28.000","East Garfield Park 2",,,,,,,,,,,,,,,,,,,"8.53","12.92","24.04","14.51","20.78","20.78",,,"49.34","49.34",,,"11.54","11.54",,,,,"41.87840975","-87.70263428383839","POINT (-87.70263428383839 41.87840975)","DYUGS4351_2026-02-10T20_15"
"DWFRI5691","2026-01-27T09:32:07.000","Humboldt Park 1",,,,,,,,,,,,,,,,,,,,,"35.31","14.78","17.54","17.54",,,"67.48","67.48",,,"-10.61","-10.61",,,,,"41.9036584","-87.73599568710452","POINT (-87.73599568710452 41.9036584)","DWFRI5691_2026-01-27T09_32"
"DAHWZ2321","2026-01-26T13:14:26.000","Albany Park 2",,,,,,,,,,,,,,,,,,,,,"5.92","7.85","4.9","4.9",,,"63.2","63.2",,,"-15.89","-15.89",,,,,"41.96237755","-87.70857185888067","POINT (-87.70857185888067 41.96237755)","DAHWZ2321_2026-01-26T13_14"
"DZKWB0839","2026-01-26T23:18:22.000","East Side 2",,,,,,,,,,,,,,,,,,,,,"21.88","11.32","12.37","12.37",,,"61.36","61.36",,,"-13.34","-13.34",,,,,"41.713258249999996","-87.53592341666666","POINT (-87.53592341666666 41.713258249999996)","DZKWB0839_2026-01-26T23_18"
"DKXFR1580","2026-01-26T12:20:27.000","Logan Square 4",,,,,,,,,,,,,,,,,,,,,"11.12","7.46","6.15","6.15",,,"64.4","64.4",,,"-16.0","-16.0",,,,,"41.91611105","-87.71889889177663","POINT (-87.71889889177663 41.91611105)","DKXFR1580_2026-01-26T12_20"
"DMFEL5431","2026-01-26T23:25:09.000","Garfield Ridge 4",,,,,,,,,,,,,,,,,,,,,"16.58","13.65","11.83","11.83",,,"60.22","60.22",,,"-13.29","-13.29",,,,,"41.787349199999994","-87.80034666308356","POINT (-87.80034666308356 41.787349199999994)","DMFEL5431_2026-01-26T23_25"
"DIQKT3554","2026-01-26T13:05:01.000","Lincoln Park 1",,,,,,,,,,,,,,,,,,,,,"6.0","5.49","3.46","3.46",,,"64.14","64.14",,,"-15.7","-15.7",,,,,"41.92154965","-87.65448778150906","POINT (-87.65448778150906 41.92154965)","DIQKT3554_2026-01-26T13_05"
"DUGYZ8163","2026-01-27T06:58:57.000","Ashburn 4",,,,,,,,,,,,,,,,,,,,,"36.6","15.74","17.43","17.43",,,"64.73","64.73",,,"-11.94","-11.94",,,,,"41.7524136","-87.68538850711178","POINT (-87.68538850711178 41.7524136)","DUGYZ8163_2026-01-27T06_58"
"DUNKA8014","2026-01-26T16:52:36.000","North Park 3",,,,,,,,,,,,,,,,,,,,,"19.35","12.88","8.73","8.73",,,"47.55","47.55",,,"-12.76","-12.76",,,,,"41.9803401","-87.74288842798109","POINT (-87.74288842798109 41.9803401)","DUNKA8014_2026-01-26T16_52"
"DJCYU2364","2026-01-26T20:02:11.000","Douglas 2",,,,,,,,,,,,,,,,,,,,,"16.04","12.07","10.71","10.71",,,"51.95","51.95",,,"-11.54","-11.54",,,,,"41.82725075","-87.61890358618274","POINT (-87.61890358618274 41.82725075)","DJCYU2364_2026-01-26T20_02"
"DKIJX6114","2026-01-27T02:16:04.000","Lincoln Square 1",,,,,,,,,,,,,,,,,,,,,"5.62","5.72","3.89","3.89",,,"61.72","61.72",,,"-13.5","-13.5",,,,,"41.975673400000005","-87.69009047047274","POINT (-87.69009047047274 41.975673400000005)","DKIJX6114_2026-01-27T02_16"
"DUXLQ7589","2026-02-10T23:23:22.000","Albany Park 1",,,,,,,,,,,,,,,,,,,"16.43","12.99","38.88","22.16","32.95","32.95",,,"62.75","62.75",,,"5.39","5.39",,,,,"41.9752872","-87.72557704250946","POINT (-87.72557704250946 41.9752872)","DUXLQ7589_2026-02-10T23_23"
"DYHTK6723","2026-02-10T20:43:44.000","Chatham 1",,,,,,,,,,,,,,,,,,,"14.87","18.19","22.21","16.71","21.1","21.1",,,"50.9","50.9",,,"11.29","11.29",,,,,"41.739161550000006","-87.62026829999999","POINT (-87.62026829999999 41.739161550000006)","DYHTK6723_2026-02-10T20_43"
"DEVFQ3796","2026-01-27T00:18:10.000","Austin 3",,,,,,,,,,,,,,,,,,,,,"10.42","9.72","7.32","7.32",,,"58.79","58.79",,,"-13.54","-13.54",,,,,"41.8911473","-87.75274756009728","POINT (-87.75274756009728 41.8911473)","DEVFQ3796_2026-01-27T00_18"
"DHJUH1119","2026-02-10T03:55:48.000","Dunning 4",,,,,,,,,,,,,,,,,,,"20.45","19.54","34.0","18.09","22.3","22.3",,,"63.44","63.44",,,"3.01","3.01",,,,,"41.949138399999995","-87.7808436229515","POINT (-87.7808436229515 41.949138399999995)","DHJUH1119_2026-02-10T03_55"
"DXHCB5919","2026-01-26T16:37:19.000","Uptown 2","1004.0","1004.0",,,,,,,,,,,,,,,,,,,"8.38","7.58","5.13","5.13","53.4","53.4","44.97","44.97","-14.3","-14.3","-11.84","-11.84","351.58","351.58","3.65","3.65","41.97559665","-87.65386596902835","POINT (-87.65386596902835 41.97559665)","DXHCB5919_2026-01-26T16_37"
"DGHRH9009","2026-02-10T15:25:30.000","Gage Park 1",,,,,,,,,,,,,,,,,,,"20.75","29.14","35.81","16.32","24.26","24.26",,,"61.42","61.42",,,"6.94","6.94",,,,,"41.8029067","-87.70321051434516","POINT (-87.70321051434516 41.8029067)","DGHRH9009_2026-02-10T15_25"
"DAEXF8484","2026-01-27T01:06:27.000","Mount Greenwood 1",,,,,,,,,,,,,,,,,,,,,"9.15","8.65","7.06","7.06",,,"59.47","59.47",,,"-14.46","-14.46",,,,,"41.70576455","-87.710860211544","POINT (-87.710860211544 41.70576455)","DAEXF8484_2026-01-27T01_06"
"DZBKX0961","2026-02-10T04:56:39.000","Kenwood 1",,,,,,,,,,,,,,,,,,,"14.69","11.18","30.69","18.21","22.58","22.58",,,"66.01","66.01",,,"2.79","2.79",,,,,"41.8130536","-87.60098186266059","POINT (-87.60098186266059 41.8130536)","DZBKX0961_2026-02-10T04_56"
"DBIRF2035","2026-01-27T06:07:39.000","Gage Park 4",,,,,,,,,,,,,,,,,,,,,"37.97","23.21","20.08","20.08",,,"65.97","65.97",,,"-11.97","-11.97",,,,,"41.79007765","-87.70310395085426","POINT (-87.70310395085426 41.79007765)","DBIRF2035_2026-01-27T06_07"
"DFVRF7063","2026-01-26T14:43:03.000","Austin 2",,,,,,,,,,,,,,,,,,,,,"13.42","8.1","6.54","6.54",,,"60.56","60.56",,,"-15.22","-15.22",,,,,"41.90386395","-87.75296686301743","POINT (-87.75296686301743 41.90386395)","DFVRF7063_2026-01-26T14_43"
"DQABT4506","2026-02-10T20:37:28.000","Riverdale 2",,,,,,,,,,,,,,,,,,,"8.05","20.95","25.19","15.93","23.81","23.81",,,"48.2","48.2",,,"12.6","12.6",,,,,"41.66370695","-87.6054486089225","POINT (-87.6054486089225 41.66370695)","DQABT4506_2026-02-10T20_37"
"DICQL6656","2026-01-27T10:55:16.000","Albany Park 3",,,,,,,,,,,,,,,,,,,,,"21.89","12.95","11.95","11.95",,,"70.69","70.69",,,"-9.81","-9.81",,,,,"41.96248775","-87.72638198461931","POINT (-87.72638198461931 41.96248775)","DICQL6656_2026-01-27T10_55"
"DBZCJ6205","2026-01-27T11:43:56.000","Auburn Gresham 3",,,,,,,,,,,,,,,,,,,,,"23.5","17.38","14.5","14.5",,,"70.94","70.94",,,"-10.07","-10.07",,,,,"41.73924395","-87.63654310138114","POINT (-87.63654310138114 41.73924395)","DBZCJ6205_2026-01-27T11_43"
"DAREG6245","2026-01-26T12:54:09.000","Lake View 5",,,,,,,,,,,,,,,,,,,,,"12.58","10.38","7.24","7.24",,,"65.21","65.21",,,"-16.28","-16.28",,,,,"41.93525075","-87.6725314","POINT (-87.6725314 41.93525075)","DAREG6245_2026-01-26T12_54"
"DVPZF1960","2026-01-27T11:16:28.000","Near West Side 4",,,,,,,,,,,,,,,,,,,,,"36.98","18.78","19.64","19.64",,,"71.7","71.7",,,"-9.75","-9.75",,,,,"41.86523824401148","-87.6352269900566","POINT (-87.6352269900566 41.86523824401148)","DVPZF1960_2026-01-27T11_16"
"DLTCH1397","2026-01-27T05:35:57.000","Woodlawn 2",,,,,,,,,,,,,,,,,,,,,"34.83","15.2","16.22","16.22",,,"67.21","67.21",,,"-12.88","-12.88",,,,,"41.77677010295759","-87.58579570605767","POINT (-87.58579570605767 41.77677010295759)","DLTCH1397_2026-01-27T05_35"
"DWEWU1433","2026-02-10T05:04:00.000","Austin 9",,,,,,,,,,,,,,,,,,,"18.6","20.5","37.25","17.49","25.25","25.25",,,"67.11","67.11",,,"2.57","2.57",,,,,"41.9037571","-87.76961617758381","POINT (-87.76961617758381 41.9037571)","DWEWU1433_2026-02-10T05_04"
"DBIZF0451","2026-01-27T12:14:24.000","West Pullman 2",,,,,,,,,,,,,,,,,,,,,"29.04","12.55","13.38","13.38",,,"73.37","73.37",,,"-9.9","-9.9",,,,,"41.6758357","-87.63729348709609","POINT (-87.63729348709609 41.6758357)","DBIZF0451_2026-01-27T12_14"
"DFNBI6922","2026-01-26T13:22:56.000","Mount Greenwood 2",,,,,,,,,,,,,,,,,,,,,"14.23","7.09","6.83","6.83",,,"67.24","67.24",,,"-16.92","-16.92",,,,,"41.69236885","-87.71085274557561","POINT (-87.71085274557561 41.69236885)","DFNBI6922_2026-01-26T13_22"
"DWMUZ3935","2026-01-27T05:49:02.000","Lincoln Square 2",,,,,,,,,,,,,,,,,,,,,"42.81","21.95","25.87","25.87",,,"64.3","64.3",,,"-11.51","-11.51",,,,,"41.962318350000004","-87.69021417611607","POINT (-87.69021417611607 41.962318350000004)","DWMUZ3935_2026-01-27T05_49"
"DSSQU9498","2026-01-26T17:40:52.000","Near North Side 4","1006.0","1006.0",,,,,,,,,,,,,,,,,,,"8.19","7.31","5.32","5.32","50.9","50.9","45.91","45.91","-12.5","-12.5","-11.54","-11.54","306.42","306.42","1.38","1.38","41.89454935","-87.63665349658982","POINT (-87.63665349658982 41.89454935)","DSSQU9498_2026-01-26T17_40"
"DMKJB8675","2026-02-10T21:08:07.000","Avalon Park 3",,,,,,,,,,,,,,,,,,,"12.52","13.71","44.0","24.93","32.87","32.87",,,"57.49","57.49",,,"8.26","8.26",,,,,"41.73896995","-87.58611561643349","POINT (-87.58611561643349 41.73896995)","DMKJB8675_2026-02-10T21_08"
"DIPDE7442","2026-01-27T04:35:33.000","Schiller Park Collocation 3",,,,,,,,,,,,,,,,,,,,,"30.96","14.95","14.42","14.42",,,"66.7","66.7",,,"-12.92","-12.92",,,,,"41.965175","-87.876252","POINT (-87.876252 41.965175)","DIPDE7442_2026-01-27T04_35"
"DATLR2184","2026-01-27T14:12:33.000","Brighton Park 1",,,,,,,,,,,,,,,,,,,,,"13.96","10.93","9.63","9.63",,,"64.04","64.04",,,"-8.6","-8.6",,,,,"41.82784155","-87.70286514736534","POINT (-87.70286514736534 41.82784155)","DATLR2184_2026-01-27T14_12"
"DAWAP1896","2026-01-27T04:36:27.000","Greater Grand Crossing 5",,,,,,,,,,,,,,,,,,,,,"33.17","14.05","16.12","16.12",,,"67.96","67.96",,,"-13.6","-13.6",,,,,"41.7516673","-87.61940269812234","POINT (-87.61940269812234 41.7516673)","DAWAP1896_2026-01-27T04_36"
"DIIPF3878","2026-02-10T13:48:25.000","Edgewater 2",,,,,,,,,,,,,,,,,,,"42.04","36.27","47.13","21.55","35.0","35.0",,,"68.3","68.3",,,"5.03","5.03",,,,,"41.9859255","-87.65593","POINT (-87.65593 41.9859255)","DIIPF3878_2026-02-10T13_48"
"DNCCJ5144","2026-02-10T03:43:39.000","Portage Park 1",,,,,,,,,,,,,,,,,,,"16.93","14.6","27.58","14.27","19.4","19.4",,,"64.08","64.08",,,"2.93","2.93",,,,,"41.962849","-87.78047373603852","POINT (-87.78047373603852 41.962849)","DNCCJ5144_2026-02-10T03_43"
"DBDSX9338","2026-01-27T07:01:07.000","South Shore 2",,,,,,,,,,,,,,,,,,,,,"33.01","21.98","19.59","19.59",,,"65.91","65.91",,,"-11.75","-11.75",,,,,"41.76396055","-87.56920031233949","POINT (-87.56920031233949 41.76396055)","DBDSX9338_2026-01-27T07_01"
"DCIJQ7018","2026-01-27T10:30:36.000","West Ridge 6",,,,,,,,,,,,,,,,,,,,,"35.04","17.55","21.1","21.1",,,"70.82","70.82",,,"-10.0","-10.0",,,,,"42.002863700000006","-87.70792946030201","POINT (-87.70792946030201 42.002863700000006)","DCIJQ7018_2026-01-27T10_30"
"DHSIJ5379","2026-01-26T23:07:16.000","Washington Heights 1",,,,,,,,,,,,,,,,,,,,,"25.85","16.45","14.46","14.46",,,"61.39","61.39",,,"-13.17","-13.17",,,,,"41.72668335","-87.6533731","POINT (-87.6533731 41.72668335)","DHSIJ5379_2026-01-26T23_07"
"DNBKU3560","2026-01-27T00:22:26.000","West Englewood 1",,,,,,,,,,,,,,,,,,,,,"15.15","8.95","7.79","7.79",,,"59.74","59.74",,,"-14.02","-14.02",,,,,"41.78978595","-87.6695977816758","POINT (-87.6695977816758 41.78978595)","DNBKU3560_2026-01-27T00_22"
"DZUWB2477","2026-01-27T02:44:39.000","North Lawndale 1",,,,,,,,,,,,,,,,,,,,,"25.12","11.34","13.04","13.04",,,"66.28","66.28",,,"-14.15","-14.15",,,,,"41.86579905000001","-87.73621350560661","POINT (-87.73621350560661 41.86579905000001)","DZUWB2477_2026-01-27T02_44"
"DYDVV6312","2026-02-10T03:08:43.000","Humboldt Park 2",,,,,,,,,,,,,,,,,,,"19.15","18.77","32.03","18.71","24.14","24.14",,,"62.91","62.91",,,"3.02","3.02",,,,,"41.903467449999994","-87.7191087122595","POINT (-87.7191087122595 41.903467449999994)","DYDVV6312_2026-02-10T03_08"
"DHCXV0760","2026-01-26T18:28:53.000","West Garfield Park 1",,,,,,,,,,,,,,,,,,,,,"11.92","9.83","7.29","7.29",,,"48.1","48.1",,,"-12.34","-12.34",,,,,"41.87835895","-87.73628820535262","POINT (-87.73628820535262 41.87835895)","DHCXV0760_2026-01-26T18_28"
"DDFTD2975","2026-01-27T02:53:09.000","Washington HS Collocation 2",,,,,,,,,,,,,,,,,,,,,"69.08","27.06","33.96","33.96",,,"67.91","67.91",,,"-14.11","-14.11",,,,,"41.687495","-87.538083","POINT (-87.538083 41.687495)","DDFTD2975_2026-01-27T02_53"
"DVPZF1960","2026-01-27T05:46:13.000","Near West Side 4",,,,,,,,,,,,,,,,,,,,,"46.85","21.74","26.32","26.32",,,"65.01","65.01",,,"-12.15","-12.15",,,,,"41.86523824401148","-87.6352269900566","POINT (-87.6352269900566 41.86523824401148)","DVPZF1960_2026-01-27T05_46"
"DQAJZ3770","2026-01-26T23:38:45.000","Logan Square 2",,,,,,,,,,,,,,,,,,,,,"9.96","9.31","6.73","6.73",,,"57.99","57.99",,,"-13.02","-13.02",,,,,"41.92201145","-87.67250156057692","POINT (-87.67250156057692 41.92201145)","DQAJZ3770_2026-01-26T23_38"
"DMLRY2750","2026-01-27T10:39:03.000","North Park 1",,,,,,,,,,,,,,,,,,,,,"24.31","11.12","12.11","12.11",,,"69.9","69.9",,,"-10.01","-10.01",,,,,"41.98888865000001","-87.72522068117541","POINT (-87.72522068117541 41.98888865000001)","DMLRY2750_2026-01-27T10_39"
"DZUWB2477","2026-01-27T14:32:14.000","North Lawndale 1",,,,,,,,,,,,,,,,,,,,,"32.7","15.14","17.1","17.1",,,"61.56","61.56",,,"-8.75","-8.75",,,,,"41.86579905000001","-87.73621350560661","POINT (-87.73621350560661 41.86579905000001)","DZUWB2477_2026-01-27T14_32"
"DWKUZ0134","2026-01-27T14:51:26.000","Schiller Park Collocation 1",,,,,,,,,,,,,,,,,,,,,"30.88","14.67","18.53","18.53",,,"57.06","57.06",,,"-9.28","-9.28",,,,,"41.965175","-87.876252","POINT (-87.876252 41.965175)","DWKUZ0134_2026-01-27T14_51"
"DVCHA9392","2026-01-26T23:09:41.000","Gage Park 3",,,,,,,,,,,,,,,,,,,,,"24.0","13.07","12.36","12.36",,,"55.4","55.4",,,"-13.02","-13.02",,,,,"41.78987765","-87.68662485","POINT (-87.68662485 41.78987765)","DVCHA9392_2026-01-26T23_09"
"DPDDG5192","2026-01-27T03:06:17.000","Montclare 1",,,,,,,,,,,,,,,,,,,,,"45.51","20.04","25.17","25.17",,,"66.43","66.43",,,"-13.32","-13.32",,,,,"41.935839200000004","-87.79903217637985","POINT (-87.79903217637985 41.935839200000004)","DPDDG5192_2026-01-27T03_06"
"DEVFQ3796","2026-02-10T21:12:31.000","Austin 3",,,,,,,,,,,,,,,,,,,"6.66","12.07","30.0","19.65","27.89","27.89",,,"51.47","51.47",,,"10.63","10.63",,,,,"41.8911473","-87.75274756009728","POINT (-87.75274756009728 41.8911473)","DEVFQ3796_2026-02-10T21_12"
"DGTGR9009","2026-01-26T19:23:56.000","South Deering 3",,,,,,,,,,,,,,,,,,,,,"15.85","10.19","7.94","7.94",,,"47.39","47.39",,,"-11.68","-11.68",,,,,"41.70277366369161","-87.55285081796137","POINT (-87.55285081796137 41.70277366369161)","DGTGR9009_2026-01-26T19_23"
"DMHRT7456","2026-01-26T22:51:15.000","Chicago Lawn 3",,,,,,,,,,,,,,,,,,,,,"20.32","13.7","11.54","11.54",,,"53.65","53.65",,,"-12.51","-12.51",,,,,"41.76441945","-87.68673944937888","POINT (-87.68673944937888 41.76441945)","DMHRT7456_2026-01-26T22_51"
"DBIZF0451","2026-01-26T15:02:27.000","West Pullman 2",,,,,,,,,,,,,,,,,,,,,"16.62","9.09","7.75","7.75",,,"61.23","61.23",,,"-15.32","-15.32",,,,,"41.6758357","-87.63729348709609","POINT (-87.63729348709609 41.6758357)","DBIZF0451_2026-01-26T15_02"
"DVPEA0040","2026-01-27T14:18:33.000","Auburn Gresham 1",,,,,,,,,,,,,,,,,,,,,"21.62","13.35","14.32","14.32",,,"63.63","63.63",,,"-8.83","-8.83",,,,,"41.75224785","-87.66918975845675","POINT (-87.66918975845675 41.75224785)","DVPEA0040_2026-01-27T14_18"
"DBMHJ0743","2026-01-26T14:48:37.000","Archer Heights 4",,,,,,,,,,,,,,,,,,,,,"16.52","8.6","7.46","7.46",,,"61.31","61.31",,,"-15.55","-15.55",,,,,"41.802709500000006","-87.7373057324682","POINT (-87.7373057324682 41.802709500000006)","DBMHJ0743_2026-01-26T14_48"
"DFIRX1818","2026-01-26T20:31:52.000","Pullman 4",,,,,,,,,,,,,,,,,,,,,"26.85","16.38","12.4","12.4",,,"50.05","50.05",,,"-11.44","-11.44",,,,,"41.688425949999996","-87.60256092387152","POINT (-87.60256092387152 41.688425949999996)","DFIRX1818_2026-01-26T20_31"
"DTYDP5264","2026-01-26T13:33:51.000","Norwood Park 1",,,,,,,,,,,,,,,,,,,,,"5.65","5.66","4.1","4.1",,,"65.87","65.87",,,"-16.83","-16.83",,,,,"41.9884148","-87.81462388174296","POINT (-87.81462388174296 41.9884148)","DTYDP5264_2026-01-26T13_33"
"DGEPF8361","2026-01-27T05:51:30.000","Washington HS Collocation 3",,,,,,,,,,,,,,,,,,,,,"56.28","24.57","30.43","30.43",,,"65.18","65.18",,,"-12.86","-12.86",,,,,"41.687495","-87.538083","POINT (-87.538083 41.687495)","DGEPF8361_2026-01-27T05_51"
"DITUY8368","2026-02-10T05:04:41.000","West Ridge 5",,,,,,,,,,,,,,,,,,,"15.46","13.97","45.59","18.93","30.21","30.21",,,"67.1","67.1",,,"2.91","2.91",,,,,"41.989107849999996","-87.7079485114359","POINT (-87.7079485114359 41.989107849999996)","DITUY8368_2026-02-10T05_04"
"DVNGV1890","2026-02-10T23:09:16.000","Roseland 2",,,,,,,,,,,,,,,,,,,"30.55","32.22","32.48","23.62","29.78","29.78",,,"57.37","57.37",,,"7.9","7.9",,,,,"41.71389143635448","-87.61998237196052","POINT (-87.61998237196052 41.71389143635448)","DVNGV1890_2026-02-10T23_09"
"DZFFW4078","2026-01-27T00:45:43.000","Hegewisch 3",,,,,,,,,,,,,,,,,,,,,"6.0","6.79","4.44","4.44",,,"60.2","60.2",,,"-14.23","-14.23",,,,,"41.650308100000004","-87.53657469999999","POINT (-87.53657469999999 41.650308100000004)","DZFFW4078_2026-01-27T00_45"
"DUNKA8014","2026-01-27T03:09:03.000","North Park 3",,,,,,,,,,,,,,,,,,,,,"38.62","16.0","19.36","19.36",,,"64.26","64.26",,,"-13.07","-13.07",,,,,"41.9803401","-87.74288842798109","POINT (-87.74288842798109 41.9803401)","DUNKA8014_2026-01-27T03_09"
"DQJDZ1252","2026-01-26T22:42:00.000","West Pullman 1",,,,,,,,,,,,,,,,,,,,,"22.62","12.32","12.29","12.29",,,"56.74","56.74",,,"-12.46","-12.46",,,,,"41.67590428555132","-87.6540277876164","POINT (-87.6540277876164 41.67590428555132)","DQJDZ1252_2026-01-26T22_42"
"DMLRY2750","2026-01-27T08:53:07.000","North Park 1",,,,,,,,,,,,,,,,,,,,,"18.19","8.92","11.16","11.16",,,"67.79","67.79",,,"-11.06","-11.06",,,,,"41.98888865000001","-87.72522068117541","POINT (-87.72522068117541 41.98888865000001)","DMLRY2750_2026-01-27T08_53"
"DVWMK9661","2026-01-27T12:33:09.000","Humboldt Park 4",,,,,,,,,,,,,,,,,,,,,"30.65","13.89","16.83","16.83",,,"71.88","71.88",,,"-9.62","-9.62",,,,,"41.89083265","-87.71959863710754","POINT (-87.71959863710754 41.89083265)","DVWMK9661_2026-01-27T12_33"
"DXHCB5919","2026-01-26T21:30:16.000","Uptown 2","1002.0","1002.0",,,,,,,,,,,,,,,,,,,"17.5","11.78","12.15","12.15","50.5","50.5","41.76","41.76","-10.6","-10.6","-8.49","-8.49","325.17","325.17","2.41","2.41","41.97559665","-87.65386596902835","POINT (-87.65386596902835 41.97559665)","DXHCB5919_2026-01-26T21_30"
"DVCHA9392","2026-01-26T23:44:59.000","Gage Park 3",,,,,,,,,,,,,,,,,,,,,"22.08","11.19","12.66","12.66",,,"62.29","62.29",,,"-13.41","-13.41",,,,,"41.78987765","-87.68662485","POINT (-87.68662485 41.78987765)","DVCHA9392_2026-01-26T23_44"
"DHWLS6819","2026-01-27T12:20:11.000","West Pullman 5",,,,,,,,,,,,,,,,,,,,,"38.54","14.65","16.35","16.35",,,"72.97","72.97",,,"-9.74","-9.74",,,,,"41.6635518","-87.63755419774877","POINT (-87.63755419774877 41.6635518)","DHWLS6819_2026-01-27T12_20"
"DTVYY1142","2026-01-27T03:48:06.000","Lower West Side 3",,,,,,,,,,,,,,,,,,,,,"36.18","18.37","16.62","16.62",,,"68.55","68.55",,,"-13.93","-13.93",,,,,"41.85322215","-87.65232092746314","POINT (-87.65232092746314 41.85322215)","DTVYY1142_2026-01-27T03_48"
"DXUQX7513","2026-02-10T19:57:21.000","Ashburn 8",,,,,,,,,,,,,,,,,,,"10.97","17.46","24.85","15.28","26.5","26.5",,,"50.26","50.26",,,"12.12","12.12",,,,,"41.73966255","-87.73740646471919","POINT (-87.73740646471919 41.73966255)","DXUQX7513_2026-02-10T19_57"
"DPWHE0976","2026-02-10T23:07:58.000","Fuller Park 1",,,,,,,,,,,,,,,,,,,"17.3","15.17","30.67","17.23","22.75","22.75",,,"58.36","58.36",,,"7.19","7.19",,,,,"41.81472425","-87.63492704556565","POINT (-87.63492704556565 41.81472425)","DPWHE0976_2026-02-10T23_07"
"DWCTD3003","2026-01-27T01:40:33.000","East Side 4",,,,,,,,,,,,,,,,,,,,,"27.95","13.03","18.47","18.47",,,"66.2","66.2",,,"-14.25","-14.25",,,,,"41.68755215","-87.53597050294346","POINT (-87.53597050294346 41.68755215)","DWCTD3003_2026-01-27T01_40"
"DZFFW4078","2026-01-27T01:02:55.000","Hegewisch 3",,,,,,,,,,,,,,,,,,,,,"8.31","6.91","4.75","4.75",,,"61.29","61.29",,,"-14.36","-14.36",,,,,"41.650308100000004","-87.53657469999999","POINT (-87.53657469999999 41.650308100000004)","DZFFW4078_2026-01-27T01_02"
"DGKDK3415","2026-01-27T01:56:57.000","Irving Park 4",,,,,,,,,,,,,,,,,,,,,"7.65","6.29","5.06","5.06",,,"61.82","61.82",,,"-13.85","-13.85",,,,,"41.941522899999995","-87.73560494297779","POINT (-87.73560494297779 41.941522899999995)","DGKDK3415_2026-01-27T01_56"
"DVPEA0040","2026-02-10T04:33:10.000","Auburn Gresham 1",,,,,,,,,,,,,,,,,,,"10.99","9.04","23.97","15.41","18.52","18.52",,,"65.08","65.08",,,"2.68","2.68",,,,,"41.75224785","-87.66918975845675","POINT (-87.66918975845675 41.75224785)","DVPEA0040_2026-02-10T04_33"
"DZIEF7974","2026-01-26T20:14:39.000","Auburn Gresham 5",,,,,,,,,,,,,,,,,,,,,"11.38","8.69","7.2","7.2",,,"47.87","47.87",,,"-11.39","-11.39",,,,,"41.739100300000004","-87.67021444445066","POINT (-87.67021444445066 41.739100300000004)","DZIEF7974_2026-01-26T20_14"
"DWBTT8209","2026-01-27T10:15:18.000","Edison Park 1",,,,,,,,,,,,,,,,,,,,,"18.43","10.88","11.56","11.56",,,"69.54","69.54",,,"-10.04","-10.04",,,,,"42.017003","-87.816509","POINT (-87.816509 42.017003)","DWBTT8209_2026-01-27T10_15"
"DAMWS8859","2026-01-26T14:35:35.000","North Lawndale 2",,,,,,,,,,,,,,,,,,,,,"9.92","8.47","5.85","5.85",,,"60.35","60.35",,,"-15.22","-15.22",,,,,"41.865807399999994","-87.71918399847682","POINT (-87.71918399847682 41.865807399999994)","DAMWS8859_2026-01-26T14_35"
"DFRKF1779","2026-01-27T11:40:52.000","Norwood Park 2",,,,,,,,,,,,,,,,,,,,,"26.98","16.08","13.07","13.07",,,"72.04","72.04",,,"-9.98","-9.98",,,,,"41.99058225","-87.79848941721507","POINT (-87.79848941721507 41.99058225)","DFRKF1779_2026-01-27T11_40"
"DALBP5360","2026-01-27T01:04:44.000","Beverly 4",,,,,,,,,,,,,,,,,,,,,"13.04","7.92","6.82","6.82",,,"60.11","60.11",,,"-14.47","-14.47",,,,,"41.70569725","-87.67464569624644","POINT (-87.67464569624644 41.70569725)","DALBP5360_2026-01-27T01_04"
"DSSQU9498","2026-02-10T05:18:05.000","Near North Side 4","992.0","992.0",,,,,,,,,,,,,,,,,"20.82","20.51","31.0","16.51","25.51","25.51","66.8","66.8","56.06","56.06","2.6","2.6","4.92","4.92","48.62","48.62","1.02","1.02","41.89454935","-87.63665349658982","POINT (-87.63665349658982 41.89454935)","DSSQU9498_2026-02-10T05_18"
"DVNGV1890","2026-01-26T18:29:25.000","Roseland 2",,,,,,,,,,,,,,,,,,,,,"17.65","18.28","10.51","10.51",,,"49.34","49.34",,,"-13.02","-13.02",,,,,"41.71389143635448","-87.61998237196052","POINT (-87.61998237196052 41.71389143635448)","DVNGV1890_2026-01-26T18_29"
"DQVFE3070","2026-01-26T12:46:52.000","Englewood 4",,,,,,,,,,,,,,,,,,,,,"4.38","5.74","3.8","3.8",,,"65.23","65.23",,,"-16.22","-16.22",,,,,"41.764384199999995","-87.6361524558499","POINT (-87.6361524558499 41.764384199999995)","DQVFE3070_2026-01-26T12_46"
"DLTCH1397","2026-01-27T01:11:33.000","Woodlawn 2",,,,,,,,,,,,,,,,,,,,,"10.42","6.58","5.4","5.4",,,"59.78","59.78",,,"-14.08","-14.08",,,,,"41.77677010295759","-87.58579570605767","POINT (-87.58579570605767 41.77677010295759)","DLTCH1397_2026-01-27T01_11"
"DXRZC4102","2026-01-26T14:18:39.000","New City 1",,,,,,,,,,,,,,,,,,,,,"13.81","9.26","7.31","7.31",,,"63.46","63.46",,,"-15.03","-15.03",,,,,"41.8149286","-87.66950393452069","POINT (-87.66950393452069 41.8149286)","DXRZC4102_2026-01-26T14_18"
"DZLAV7766","2026-01-27T04:11:51.000","Austin 4",,,,,,,,,,,,,,,,,,,,,"36.94","24.32","19.72","19.72",,,"66.8","66.8",,,"-12.98","-12.98",,,,,"41.8787019","-87.75315257211534","POINT (-87.75315257211534 41.8787019)","DZLAV7766_2026-01-27T04_11"
"DPDDG5192","2026-01-26T23:06:18.000","Montclare 1",,,,,,,,,,,,,,,,,,,,,"26.31","13.72","14.99","14.99",,,"58.57","58.57",,,"-12.78","-12.78",,,,,"41.935839200000004","-87.79903217637985","POINT (-87.79903217637985 41.935839200000004)","DPDDG5192_2026-01-26T23_06"
"DWGYM0810","2026-01-27T00:02:42.000","Avalon Park 1",,,,,,,,,,,,,,,,,,,,,"15.31","11.5","16.99","16.99",,,"58.71","58.71",,,"-13.55","-13.55",,,,,"41.7505205","-87.58579258993602","POINT (-87.58579258993602 41.7505205)","DWGYM0810_2026-01-27T00_02"
"DQAJZ3770","2026-01-27T04:46:22.000","Logan Square 2",,,,,,,,,,,,,,,,,,,,,"26.19","16.27","14.65","14.65",,,"65.93","65.93",,,"-12.22","-12.22",,,,,"41.92201145","-87.67250156057692","POINT (-87.67250156057692 41.92201145)","DQAJZ3770_2026-01-27T04_46"
"DRCQU4244","2026-01-27T07:28:04.000","Roseland 5",,,,,,,,,,,,,,,,,,,,,"27.67","15.0","16.59","16.59",,,"65.48","65.48",,,"-11.52","-11.52",,,,,"41.688699041017024","-87.63708150083987","POINT (-87.63708150083987 41.688699041017024)","DRCQU4244_2026-01-27T07_28"
"DQIUL8061","2026-01-27T00:08:11.000","South Shore 1",,,,,,,,,,,,,,,,,,,,,"18.47","10.42","8.34","8.34",,,"59.68","59.68",,,"-13.44","-13.44",,,,,"41.7641265","-87.5857492","POINT (-87.5857492 41.7641265)","DQIUL8061_2026-01-27T00_08"
"DQWCU6663","2026-02-10T21:11:37.000","Austin 6",,,,,,,,,,,,,,,,,,,"11.93","11.01","31.58","19.55","30.24","30.24",,,"46.38","46.38",,,"11.6","11.6",,,,,"41.865808","-87.77006790729428","POINT (-87.77006790729428 41.865808)","DQWCU6663_2026-02-10T21_11"
"DNFCT5518","2026-01-27T11:27:43.000","Roseland 6",,,,,,,,,,,,,,,,,,,,,,,,,,,"70.7","70.7",,,"-9.89","-9.89",,,,,"41.70134325","-87.63695104338622","POINT (-87.63695104338622 41.70134325)","DNFCT5518_2026-01-27T11_27"
"DKIJX6114","2026-01-26T21:21:20.000","Lincoln Square 1",,,,,,,,,,,,,,,,,,,,,"8.96","7.19","5.84","5.84",,,"54.02","54.02",,,"-11.68","-11.68",,,,,"41.975673400000005","-87.69009047047274","POINT (-87.69009047047274 41.975673400000005)","DKIJX6114_2026-01-26T21_21"
"DTQTJ0507","2026-01-27T11:38:50.000","Douglas 1",,,,,,,,,,,,,,,,,,,,,"30.78","13.19","16.03","16.03",,,"72.28","72.28",,,"-9.86","-9.86",,,,,"41.8404121","-87.61910230081149","POINT (-87.61910230081149 41.8404121)","DTQTJ0507_2026-01-27T11_38"
"DNUKL3524","2026-02-10T05:30:42.000","West Town 3",,,,,,,,,,,,,,,,,,,"25.84","23.08","34.04","18.54","29.44","29.44",,,"64.73","64.73",,,"3.24","3.24",,,,,"41.89463405","-87.65461125155946","POINT (-87.65461125155946 41.89463405)","DNUKL3524_2026-02-10T05_30"
"DYDVV6312","2026-01-27T02:05:28.000","Humboldt Park 2",,,,,,,,,,,,,,,,,,,,,"8.92","9.22","6.09","6.09",,,"63.39","63.39",,,"-13.82","-13.82",,,,,"41.903467449999994","-87.7191087122595","POINT (-87.7191087122595 41.903467449999994)","DYDVV6312_2026-01-27T02_05"
"DBIZF0451","2026-01-27T11:04:45.000","West Pullman 2",,,,,,,,,,,,,,,,,,,,,"35.35","14.49","13.8","13.8",,,"70.23","70.23",,,"-9.8","-9.8",,,,,"41.6758357","-87.63729348709609","POINT (-87.63729348709609 41.6758357)","DBIZF0451_2026-01-27T11_04"
"DRJPX9457","2026-01-27T03:25:55.000","South Deering 5",,,,,,,,,,,,,,,,,,,,,"59.43","21.83","27.86","27.86",,,"69.41","69.41",,,"-14.08","-14.08",,,,,"41.6767009","-87.55354965901725","POINT (-87.55354965901725 41.6767009)","DRJPX9457_2026-01-27T03_25"
"DFIRX1818","2026-01-27T03:27:39.000","Pullman 4",,,,,,,,,,,,,,,,,,,,,"39.86","18.61","18.71","18.71",,,"69.36","69.36",,,"-14.33","-14.33",,,,,"41.688425949999996","-87.60256092387152","POINT (-87.60256092387152 41.688425949999996)","DFIRX1818_2026-01-27T03_27"
"DEWGT8066","2026-01-26T22:29:58.000","Portage Park 3",,,,,,,,,,,,,,,,,,,,,"25.74","13.6","16.14","16.14",,,"55.34","55.34",,,"-11.54","-11.54",,,,,"41.94911115","-87.74480067538144","POINT (-87.74480067538144 41.94911115)","DEWGT8066_2026-01-26T22_29"
"DNBEB5545","2026-01-27T02:06:01.000","Hermosa 1",,,,,,,,,,,,,,,,,,,,,"14.62","8.37","8.28","8.28",,,"60.57","60.57",,,"-13.86","-13.86",,,,,"41.928697400000004","-87.73569501672739","POINT (-87.73569501672739 41.928697400000004)","DNBEB5545_2026-01-27T02_06"
"DBMHJ0743","2026-01-26T23:57:05.000","Archer Heights 4",,,,,,,,,,,,,,,,,,,,,"33.27","14.76","17.41","17.41",,,"61.91","61.91",,,"-13.73","-13.73",,,,,"41.802709500000006","-87.7373057324682","POINT (-87.7373057324682 41.802709500000006)","DBMHJ0743_2026-01-26T23_57"
"DVWMK9661","2026-02-10T15:21:37.000","Humboldt Park 4",,,,,,,,,,,,,,,,,,,"14.47","17.13","50.91","26.81","43.7","43.7",,,"62.47","62.47",,,"6.28","6.28",,,,,"41.89083265","-87.71959863710754","POINT (-87.71959863710754 41.89083265)","DVWMK9661_2026-02-10T15_21"
"DGDNA0617","2026-01-26T20:14:58.000","Edison Park 2",,,,,,,,,,,,,,,,,,,,,"11.65","11.53","7.58","7.58",,,"50.39","50.39",,,"-11.51","-11.51",,,,,"42.00333585","-87.81657557251182","POINT (-87.81657557251182 42.00333585)","DGDNA0617_2026-01-26T20_14"
"DRZTP3103","2026-01-26T23:00:37.000","Austin 7",,,,,,,,,,,,,,,,,,,,,"15.91","9.19","8.32","8.32",,,"55.91","55.91",,,"-12.75","-12.75",,,,,"41.878556450000005","-87.77003805376656","POINT (-87.77003805376656 41.878556450000005)","DRZTP3103_2026-01-26T23_00"
"DYUGS4351","2026-01-27T05:53:31.000","East Garfield Park 2",,,,,,,,,,,,,,,,,,,,,"25.84","12.69","12.87","12.87",,,"65.24","65.24",,,"-11.94","-11.94",,,,,"41.87840975","-87.70263428383839","POINT (-87.70263428383839 41.87840975)","DYUGS4351_2026-01-27T05_53"
"DCABM0358","2026-01-27T01:55:03.000","South Lawndale 6",,,,,,,,,,,,,,,,,,,,,"11.58","9.3","6.81","6.81",,,"62.39","62.39",,,"-13.85","-13.85",,,,,"41.840363100000005","-87.73770467096696","POINT (-87.73770467096696 41.840363100000005)","DCABM0358_2026-01-27T01_55"
"DPWHE0976","2026-01-27T04:06:21.000","Fuller Park 1",,,,,,,,,,,,,,,,,,,,,"28.79","13.57","12.55","12.55",,,"69.69","69.69",,,"-13.77","-13.77",,,,,"41.81472425","-87.63492704556565","POINT (-87.63492704556565 41.81472425)","DPWHE0976_2026-01-27T04_06"
"DEPLW3142","2026-01-26T23:55:36.000","Greater Grand Crossing 3",,,,,,,,,,,,,,,,,,,,,"16.5","12.43","9.84","9.84",,,"58.19","58.19",,,"-13.51","-13.51",,,,,"41.7640476","-87.60243825440212","POINT (-87.60243825440212 41.7640476)","DEPLW3142_2026-01-26T23_55"
"DVNGV1890","2026-01-26T14:28:26.000","Roseland 2",,,,,,,,,,,,,,,,,,,,,"19.85","15.62","13.22","13.22",,,"64.2","64.2",,,"-15.69","-15.69",,,,,"41.71389143635448","-87.61998237196052","POINT (-87.61998237196052 41.71389143635448)","DVNGV1890_2026-01-26T14_28"
"DAHWZ2321","2026-01-27T11:15:14.000","Albany Park 2",,,,,,,,,,,,,,,,,,,,,"33.54","17.08","20.53","20.53",,,"69.99","69.99",,,"-9.53","-9.53",,,,,"41.96237755","-87.70857185888067","POINT (-87.70857185888067 41.96237755)","DAHWZ2321_2026-01-27T11_15"
"DZKWB0839","2026-01-26T12:20:34.000","East Side 2",,,,,,,,,,,,,,,,,,,,,"18.23","10.13","9.67","9.67",,,"64.18","64.18",,,"-15.74","-15.74",,,,,"41.713258249999996","-87.53592341666666","POINT (-87.53592341666666 41.713258249999996)","DZKWB0839_2026-01-26T12_20"
"DMMAG3845","2026-01-27T07:03:31.000","Riverdale 3",,,,,,,,,,,,,,,,,,,,,"16.76","10.14","8.99","8.99",,,"67.7","67.7",,,"-12.49","-12.49",,,,,"41.650564200000005","-87.6038782","POINT (-87.6038782 41.650564200000005)","DMMAG3845_2026-01-27T07_03"
"DXEMM9791","2026-01-27T14:04:28.000","Chatham 2",,,,,,,,,,,,,,,,,,,,,"23.12","11.47","12.89","12.89",,,"63.76","63.76",,,"-8.81","-8.81",,,,,"41.7389797","-87.60272773313176","POINT (-87.60272773313176 41.7389797)","DXEMM9791_2026-01-27T14_04"
"DKISS7174","2026-01-27T02:25:09.000","West Elsdon 2",,,,,,,,,,,,,,,,,,,,,"35.42","19.04","20.26","20.26",,,"66.47","66.47",,,"-14.25","-14.25",,,,,"41.7898683","-87.72002286796209","POINT (-87.72002286796209 41.7898683)","DKISS7174_2026-01-27T02_25"
"DPMWW4120","2026-01-27T13:59:34.000","Garfield Ridge 3",,,,,,,,,,,,,,,,,,,,,"20.54","11.43","11.91","11.91",,,"65.65","65.65",,,"-9.05","-9.05",,,,,"41.7872597","-87.78189702338281","POINT (-87.78189702338281 41.7872597)","DPMWW4120_2026-01-27T13_59"
"DWFRI5691","2026-02-10T19:58:30.000","Humboldt Park 1",,,,,,,,,,,,,,,,,,,"11.01","16.34","24.08","15.06","23.6","23.6",,,"47.14","47.14",,,"12.52","12.52",,,,,"41.9036584","-87.73599568710452","POINT (-87.73599568710452 41.9036584)","DWFRI5691_2026-02-10T19_58"
"DEPLW3142","2026-01-26T20:44:57.000","Greater Grand Crossing 3",,,,,,,,,,,,,,,,,,,,,"15.11","14.38","9.74","9.74",,,"43.42","43.42",,,"-8.57","-8.57",,,,,"41.7640476","-87.60243825440212","POINT (-87.60243825440212 41.7640476)","DEPLW3142_2026-01-26T20_44"
"DIWKR9442","2026-02-10T21:59:15.000","West Lawn 4",,,,,,,,,,,,,,,,,,,"21.23","23.67","30.86","20.59","30.1","30.1",,,"52.52","52.52",,,"9.09","9.09",,,,,"41.7626353","-87.73788222687776","POINT (-87.73788222687776 41.7626353)","DIWKR9442_2026-02-10T21_59"
"DGRCH4426","2026-02-10T15:10:33.000","West Ridge 3",,,,,,,,,,,,,,,,,,,"19.95","14.6","49.72","24.57","45.43","45.43",,,"65.53","65.53",,,"5.69","5.69",,,,,"42.002902250000005","-87.6903495","POINT (-87.6903495 42.002902250000005)","DGRCH4426_2026-02-10T15_10"
"DQZIL1804","2026-01-26T18:46:58.000","Brighton Park 2",,,,,,,,,,,,,,,,,,,,,"16.1","11.15","9.55","9.55",,,"47.55","47.55",,,"-11.31","-11.31",,,,,"41.8150889","-87.68617463894653","POINT (-87.68617463894653 41.8150889)","DQZIL1804_2026-01-26T18_46"
"DSKDX3738","2026-01-26T13:21:28.000","Armour Square 3",,,,,,,,,,,,,,,,,,,,,"13.69","7.78","6.43","6.43",,,"65.04","65.04",,,"-15.85","-15.85",,,,,"41.828308899999996","-87.63464506377693","POINT (-87.63464506377693 41.828308899999996)","DSKDX3738_2026-01-26T13_21"
"DMLRY2750","2026-02-10T05:29:41.000","North Park 1",,,,,,,,,,,,,,,,,,,"10.29","15.96","29.95","13.6","20.53","20.53",,,"67.38","67.38",,,"2.8","2.8",,,,,"41.98888865000001","-87.72522068117541","POINT (-87.72522068117541 41.98888865000001)","DMLRY2750_2026-02-10T05_29"
"DCZQF3538","2026-01-27T05:52:57.000","Lower West Side 2",,,,,,,,,,,,,,,,,,,,,"38.59","16.38","18.42","18.42",,,"64.66","64.66",,,"-11.93","-11.93",,,,,"41.85298145","-87.66905187486446","POINT (-87.66905187486446 41.85298145)","DCZQF3538_2026-01-27T05_52"
"DVRBW4874","2026-01-26T22:37:26.000","Logan Square 1",,,,,,,,,,,,,,,,,,,,,"11.96","8.73","7.21","7.21",,,"57.73","57.73",,,"-11.92","-11.92",,,,,"41.92963275","-87.71893702781998","POINT (-87.71893702781998 41.92963275)","DVRBW4874_2026-01-26T22_37"
"DIXUN6634","2026-02-10T20:33:35.000","Ashburn 3",,,,,,,,,,,,,,,,,,,"4.86","10.62","27.62","18.01","25.45","25.45",,,"44.74","44.74",,,"12.56","12.56",,,,,"41.7521062","-87.70393644313098","POINT (-87.70393644313098 41.7521062)","DIXUN6634_2026-02-10T20_33"
"DWZRL1539","2026-01-27T12:41:29.000","Hermosa 2",,,,,,,,,,,,,,,,,,,,,"13.19","9.26","7.95","7.95",,,"70.31","70.31",,,"-9.03","-9.03",,,,,"41.916261","-87.73604474675119","POINT (-87.73604474675119 41.916261)","DWZRL1539_2026-01-27T12_41"
"DBASA0396","2026-01-27T02:47:29.000","Washington HS Collocation 1",,,,,,,,,,,,,,,,,,,,,"66.81","26.64","34.92","34.92",,,"69.24","69.24",,,"-14.47","-14.47",,,,,"41.687495","-87.538083","POINT (-87.538083 41.687495)","DBASA0396_2026-01-27T02_47"
"DIPDE7442","2026-02-10T14:39:26.000","Schiller Park Collocation 3",,,,,,,,,,,,,,,,,,,"41.2","39.71","63.06","29.22","39.94","39.94",,,"70.39","70.39",,,"4.39","4.39",,,,,"41.965175","-87.876252","POINT (-87.876252 41.965175)","DIPDE7442_2026-02-10T14_39"
"DJWGZ0445","2026-02-10T03:32:42.000","Grand Boulevard 1",,,,,,,,,,,,,,,,,,,"37.09","20.59","36.47","17.8","29.55","29.55",,,"63.87","63.87",,,"2.64","2.64",,,,,"41.814588650000005","-87.61885441047625","POINT (-87.61885441047625 41.814588650000005)","DJWGZ0445_2026-02-10T03_32"
"DFRKF1779","2026-01-26T23:13:36.000","Norwood Park 2",,,,,,,,,,,,,,,,,,,,,"20.96","13.51","11.25","11.25",,,"57.65","57.65",,,"-12.9","-12.9",,,,,"41.99058225","-87.79848941721507","POINT (-87.79848941721507 41.99058225)","DFRKF1779_2026-01-26T23_13"
"DRHPF2920","2026-01-27T03:14:00.000","South Deering 4",,,,,,,,,,,,,,,,,,,,,"52.62","20.81","25.49","25.49",,,"69.59","69.59",,,"-14.36","-14.36",,,,,"41.687832349999994","-87.55325261922826","POINT (-87.55325261922826 41.687832349999994)","DRHPF2920_2026-01-27T03_14"
"DFIBC1899","2026-01-27T01:21:07.000","South Deering 7","1001.0","1001.0",,,,,,,,,,,,,,,,,,,"37.27","20.7","41.02","41.02","68.3","68.3","59.07","59.07","-15.5","-15.5","-13.24","-13.24","202.34","202.34","2.2","2.2","41.66442141105966","-87.58654247521171","POINT (-87.58654247521171 41.66442141105966)","DFIBC1899_2026-01-27T01_21"
"DHUBD2135","2026-01-27T02:46:47.000","Norwood Park 3",,,,,,,,,,,,,,,,,,,,,"40.18","17.13","23.05","23.05",,,"66.08","66.08",,,"-13.66","-13.66",,,,,"41.98985225","-87.78029629432729","POINT (-87.78029629432729 41.98985225)","DHUBD2135_2026-01-27T02_46"
"DAYYE9472","2026-01-27T05:22:10.000","Hyde Park 3",,,,,,,,,,,,,,,,,,,,,"36.19","19.25","21.08","21.08",,,"66.69","66.69",,,"-12.84","-12.84",,,,,"41.7847049","-87.58248692116234","POINT (-87.58248692116234 41.7847049)","DAYYE9472_2026-01-27T05_22"
"DNBEB5545","2026-02-10T21:06:41.000","Hermosa 1",,,,,,,,,,,,,,,,,,,"8.91","13.41","29.81","17.28","27.93","27.93",,,"49.35","49.35",,,"10.79","10.79",,,,,"41.928697400000004","-87.73569501672739","POINT (-87.73569501672739 41.928697400000004)","DNBEB5545_2026-02-10T21_06"
"DHNQG0980","2026-02-10T21:38:52.000","Irving Park 1",,,,,,,,,,,,,,,,,,,"10.24","12.46","32.19","17.96","33.86","33.86",,,"55.49","55.49",,,"8.76","8.76",,,,,"41.96257933331695","-87.74452053946244","POINT (-87.74452053946244 41.96257933331695)","DHNQG0980_2026-02-10T21_38"
"DRZTP3103","2026-01-27T07:34:35.000","Austin 7",,,,,,,,,,,,,,,,,,,,,"32.8","13.59","14.31","14.31",,,"64.06","64.06",,,"-11.42","-11.42",,,,,"41.878556450000005","-87.77003805376656","POINT (-87.77003805376656 41.878556450000005)","DRZTP3103_2026-01-27T07_34"
"DAJHM7956","2026-02-10T04:48:24.000","South Chicago 3",,,,,,,,,,,,,,,,,,,"18.2","15.75","33.01","16.06","23.61","23.61",,,"65.21","65.21",,,"2.59","2.59",,,,,"41.73775017864213","-87.53549803584423","POINT (-87.53549803584423 41.73775017864213)","DAJHM7956_2026-02-10T04_48"
"DJWGZ0445","2026-01-26T22:45:22.000","Grand Boulevard 1",,,,,,,,,,,,,,,,,,,,,"19.88","12.21","12.29","12.29",,,"59.35","59.35",,,"-12.78","-12.78",,,,,"41.814588650000005","-87.61885441047625","POINT (-87.61885441047625 41.814588650000005)","DJWGZ0445_2026-01-26T22_45"
"DZLAV7766","2026-01-26T12:25:38.000","Austin 4",,,,,,,,,,,,,,,,,,,,,"7.65","10.88","5.87","5.87",,,"63.89","63.89",,,"-16.44","-16.44",,,,,"41.8787019","-87.75315257211534","POINT (-87.75315257211534 41.8787019)","DZLAV7766_2026-01-26T12_25"
"DWZPM1574","2026-01-26T17:43:34.000","West Town 5",,,,,,,,,,,,,,,,,,,,,"14.55","10.3","9.31","9.31",,,"49.88","49.88",,,"-12.65","-12.65",,,,,"41.89110265","-87.68577505408578","POINT (-87.68577505408578 41.89110265)","DWZPM1574_2026-01-26T17_43"
"DIXUN6634","2026-01-26T23:13:41.000","Ashburn 3",,,,,,,,,,,,,,,,,,,,,"19.37","15.77","10.52","10.52",,,"58.7","58.7",,,"-13.3","-13.3",,,,,"41.7521062","-87.70393644313098","POINT (-87.70393644313098 41.7521062)","DIXUN6634_2026-01-26T23_13"
"DAEXF8484","2026-01-27T08:00:49.000","Mount Greenwood 1",,,,,,,,,,,,,,,,,,,,,"29.58","16.65","18.54","18.54",,,"65.84","65.84",,,"-11.29","-11.29",,,,,"41.70576455","-87.710860211544","POINT (-87.710860211544 41.70576455)","DAEXF8484_2026-01-27T08_00"
"DKXFR1580","2026-01-27T10:51:05.000","Logan Square 4",,,,,,,,,,,,,,,,,,,,,"38.67","15.59","19.41","19.41",,,"70.87","70.87",,,"-9.74","-9.74",,,,,"41.91611105","-87.71889889177663","POINT (-87.71889889177663 41.91611105)","DKXFR1580_2026-01-27T10_51"
"DJKZD4256","2026-01-27T12:01:03.000","Morgan Park 3",,,,,,,,,,,,,,,,,,,,,"17.81","8.63","8.92","8.92",,,"73.25","73.25",,,"-10.1","-10.1",,,,,"41.67869235","-87.67466474951416","POINT (-87.67466474951416 41.67869235)","DJKZD4256_2026-01-27T12_01"
"DHQVH8975","2026-01-26T15:26:26.000","Near West Side 6",,,,,,,,,,,,,,,,,,,,,"15.17","9.39","6.33","6.33",,,"57.33","57.33",,,"-14.59","-14.59",,,,,"41.865828699999994","-87.6686530821062","POINT (-87.6686530821062 41.865828699999994)","DHQVH8975_2026-01-26T15_26"
"DCFVE7122","2026-01-26T22:31:19.000","New City 3",,,,,,,,,,,,,,,,,,,,,"21.68","13.71","11.9","11.9",,,"54.17","54.17",,,"-11.23","-11.23",,,,,"41.801765700000004","-87.63592810040294","POINT (-87.63592810040294 41.801765700000004)","DCFVE7122_2026-01-26T22_31"
"DKTWP2892","2026-01-26T15:25:03.000","East Side 3",,,,,,,,,,,,,,,,,,,,,"10.15","6.96","5.84","5.84",,,"59.99","59.99",,,"-14.11","-14.11",,,,,"41.7006795","-87.53620860009178","POINT (-87.53620860009178 41.7006795)","DKTWP2892_2026-01-26T15_25"
"DZBHR9476","2026-01-26T12:14:59.000","Near South Side 2",,,,,,,,,,,,,,,,,,,,,"20.73","11.72","9.57","9.57",,,"63.56","63.56",,,"-15.57","-15.57",,,,,"41.853269850000004","-87.61952604024003","POINT (-87.61952604024003 41.853269850000004)","DZBHR9476_2026-01-26T12_14"
"DWBTT8209","2026-01-26T16:46:27.000","Edison Park 1",,,,,,,,,,,,,,,,,,,,,"4.38","7.01","3.91","3.91",,,"54.23","54.23",,,"-14.09","-14.09",,,,,"42.017003","-87.816509","POINT (-87.816509 42.017003)","DWBTT8209_2026-01-26T16_46"
"DLFZU4679","2026-02-10T15:09:26.000","West Englewood 2",,,,,,,,,,,,,,,,,,,"33.58","32.13","53.98","25.49","34.94","34.94",,,"65.57","65.57",,,"6.33","6.33",,,,,"41.777212500000005","-87.66997231765325","POINT (-87.66997231765325 41.777212500000005)","DLFZU4679_2026-02-10T15_09"
"DFKYP0941","2026-01-27T03:01:12.000","Lincoln Park 2",,,,,,,,,,,,,,,,,,,,,"19.85","8.84","9.02","9.02",,,"68.78","68.78",,,"-13.75","-13.75",,,,,"41.92145185","-87.63691042803572","POINT (-87.63691042803572 41.92145185)","DFKYP0941_2026-01-27T03_01"
"DWCTD3003","2026-01-26T12:23:24.000","East Side 4",,,,,,,,,,,,,,,,,,,,,"44.6","20.33","27.49","27.49",,,"63.77","63.77",,,"-15.94","-15.94",,,,,"41.68755215","-87.53597050294346","POINT (-87.53597050294346 41.68755215)","DWCTD3003_2026-01-26T12_23"
"DFAQM2360","2026-01-27T14:34:33.000","Englewood 1",,,,,,,,,,,,,,,,,,,,,"15.69","10.45","12.05","12.05",,,"62.56","62.56",,,"-8.85","-8.85",,,,,"41.78968585","-87.65259587249278","POINT (-87.65259587249278 41.78968585)","DFAQM2360_2026-01-27T14_34"
"DLAIF4030","2026-01-26T13:20:02.000","Schiller Park Collocation 2",,,,,,,,,,,,,,,,,,,,,"18.82","14.07","9.82","9.82",,,"63.13","63.13",,,"-16.34","-16.34",,,,,"41.965175","-87.876252","POINT (-87.876252 41.965175)","DLAIF4030_2026-01-26T13_20"
"DDCVA2276","2026-02-10T04:53:13.000","Forest Glen 2",,,,,,,,,,,,,,,,,,,"19.0","15.09","29.42","13.41","20.25","20.25",,,"65.83","65.83",,,"2.78","2.78",,,,,"42.003033450000004","-87.76224995","POINT (-87.76224995 42.003033450000004)","DDCVA2276_2026-02-10T04_53"
"DYWEY8508","2026-02-10T23:51:55.000","Lake View 2",,,,,,,,,,,,,,,,,,,"20.82","17.9","40.83","23.84","31.69","31.69",,,"61.71","61.71",,,"5.22","5.22",,,,,"41.9485634","-87.65401427559598","POINT (-87.65401427559598 41.9485634)","DYWEY8508_2026-02-10T23_51"
"DZFFW4078","2026-01-27T14:14:05.000","Hegewisch 3",,,,,,,,,,,,,,,,,,,,,"18.81","11.38","10.71","10.71",,,"65.82","65.82",,,"-8.99","-8.99",,,,,"41.650308100000004","-87.53657469999999","POINT (-87.53657469999999 41.650308100000004)","DZFFW4078_2026-01-27T14_14"
"DTYDP5264","2026-01-27T01:21:37.000","Norwood Park 1",,,,,,,,,,,,,,,,,,,,,"8.65","7.73","6.39","6.39",,,"57.66","57.66",,,"-14.22","-14.22",,,,,"41.9884148","-87.81462388174296","POINT (-87.81462388174296 41.9884148)","DTYDP5264_2026-01-27T01_21"
"DCIRD2804","2026-01-27T12:35:21.000","Near South Side 1",,,,,,,,,,,,,,,,,,,,,"24.72","10.88","13.23","13.23",,,"72.08","72.08",,,"-9.35","-9.35",,,,,"41.86735079697037","-87.61884913697226","POINT (-87.61884913697226 41.86735079697037)","DCIRD2804_2026-01-27T12_35"
"DXIGM4223","2026-02-10T23:56:54.000","Ashburn 6",,,,,,,,,,,,,,,,,,,"22.12","34.43","42.58","24.69","32.57","32.57",,,"61.27","61.27",,,"5.6","5.6",,,,,"41.73950785","-87.7038867676452","POINT (-87.7038867676452 41.73950785)","DXIGM4223_2026-02-10T23_56"
"DHWLS6819","2026-01-27T06:03:18.000","West Pullman 5",,,,,,,,,,,,,,,,,,,,,"30.26","15.56","15.5","15.5",,,"66.78","66.78",,,"-12.92","-12.92",,,,,"41.6635518","-87.63755419774877","POINT (-87.63755419774877 41.6635518)","DHWLS6819_2026-01-27T06_03"
"DSKDX3738","2026-01-27T00:27:11.000","Armour Square 3",,,,,,,,,,,,,,,,,,,,,"23.12","12.62","12.41","12.41",,,"59.64","59.64",,,"-13.7","-13.7",,,,,"41.828308899999996","-87.63464506377693","POINT (-87.63464506377693 41.828308899999996)","DSKDX3738_2026-01-27T00_27"
"DSZQR8376","2026-01-26T19:14:42.000","Hegewisch 1",,,,,,,,,,,,,,,,,,,,,"12.81","9.38","6.45","6.45",,,"49.17","49.17",,,"-12.2","-12.2",,,,,"41.675190108549614","-87.53588600367534","POINT (-87.53588600367534 41.675190108549614)","DSZQR8376_2026-01-26T19_14"
"DWMLU4849","2026-01-26T12:45:47.000","Portage Park 4",,,,,,,,,,,,,,,,,,,,,"8.04","9.65","5.89","5.89",,,"65.16","65.16",,,"-16.42","-16.42",,,,,"41.94171985","-87.75242624360101","POINT (-87.75242624360101 41.94171985)","DWMLU4849_2026-01-26T12_45"
"DGHRH9009","2026-01-27T08:07:22.000","Gage Park 1",,,,,,,,,,,,,,,,,,,,,"10.0","5.95","5.31","5.31",,,"67.82","67.82",,,"-11.32","-11.32",,,,,"41.8029067","-87.70321051434516","POINT (-87.70321051434516 41.8029067)","DGHRH9009_2026-01-27T08_07"
"DBYCW6873","2026-01-27T14:05:52.000","Norwood Park 4",,,,,,,,,,,,,,,,,,,,,"13.42","8.61","6.86","6.86",,,"62.94","62.94",,,"-9.04","-9.04",,,,,"41.97643085","-87.79850802324188","POINT (-87.79850802324188 41.97643085)","DBYCW6873_2026-01-27T14_05"
"DGDNA0617","2026-02-10T23:34:38.000","Edison Park 2",,,,,,,,,,,,,,,,,,,"19.16","15.5","46.17","24.29","34.28","34.28",,,"64.48","64.48",,,"4.87","4.87",,,,,"42.00333585","-87.81657557251182","POINT (-87.81657557251182 42.00333585)","DGDNA0617_2026-02-10T23_34"
"DCYXM8877","2026-01-27T09:08:25.000","Dunning 1",,,,,,,,,,,,,,,,,,,,,"38.5","20.78","21.15","21.15",,,"68.4","68.4",,,"-10.72","-10.72",,,,,"41.94945715","-87.83511784539533","POINT (-87.83511784539533 41.94945715)","DCYXM8877_2026-01-27T09_08"
"DQWCU6663","2026-01-26T20:04:41.000","Austin 6",,,,,,,,,,,,,,,,,,,,,"23.27","13.38","13.8","13.8",,,"48.37","48.37",,,"-11.07","-11.07",,,,,"41.865808","-87.77006790729428","POINT (-87.77006790729428 41.865808)","DQWCU6663_2026-01-26T20_04"
"DUUZN2841","2026-01-27T14:40:34.000","Logan Square 3",,,,,,,,,,,,,,,,,,,,,"12.69","10.69","8.74","8.74",,,"60.43","60.43",,,"-8.41","-8.41",,,,,"41.9218112","-87.6906365784621","POINT (-87.6906365784621 41.9218112)","DUUZN2841_2026-01-27T14_40"
"DRJGY6541","2026-01-26T15:29:26.000","West Elsdon 1",,,,,,,,,,,,,,,,,,,,,"6.62","7.05","4.77","4.77",,,"61.11","61.11",,,"-15.67","-15.67",,,,,"41.7903099","-87.73683774404154","POINT (-87.73683774404154 41.7903099)","DRJGY6541_2026-01-26T15_29"
"DGRCH4426","2026-01-27T01:19:57.000","West Ridge 3",,,,,,,,,,,,,,,,,,,,,"10.85","7.1","6.12","6.12",,,"57.26","57.26",,,"-13.7","-13.7",,,,,"42.002902250000005","-87.6903495","POINT (-87.6903495 42.002902250000005)","DGRCH4426_2026-01-27T01_19"
"DRHPF2920","2026-02-10T21:26:51.000","South Deering 4",,,,,,,,,,,,,,,,,,,"22.25","24.72","37.94","19.29","27.47","27.47",,,"60.38","60.38",,,"7.58","7.58",,,,,"41.687832349999994","-87.55325261922826","POINT (-87.55325261922826 41.687832349999994)","DRHPF2920_2026-02-10T21_26"
"DQJVA6225","2026-01-27T05:43:33.000","Jefferson Park 1",,,,,,,,,,,,,,,,,,,,,"28.24","16.17","16.38","16.38",,,"64.91","64.91",,,"-12.1","-12.1",,,,,"41.9889689","-87.76288502645104","POINT (-87.76288502645104 41.9889689)","DQJVA6225_2026-01-27T05_43"
"DMVDY6300","2026-02-10T15:23:46.000","McKinley Park 1",,,,,,,,,,,,,,,,,,,"16.34","18.66","47.31","28.0","43.75","43.75",,,"61.95","61.95",,,"6.98","6.98",,,,,"41.82770135","-87.68592075050194","POINT (-87.68592075050194 41.82770135)","DMVDY6300_2026-02-10T15_23"
"DWZPM1574","2026-01-27T05:32:29.000","West Town 5",,,,,,,,,,,,,,,,,,,,,"43.47","18.91","25.09","25.09",,,"65.16","65.16",,,"-12.07","-12.07",,,,,"41.89110265","-87.68577505408578","POINT (-87.68577505408578 41.89110265)","DWZPM1574_2026-01-27T05_32"
"DARLP7776","2026-01-27T07:16:12.000","Armour Square 2",,,,,,,,,,,,,,,,,,,,,"36.98","16.4","16.26","16.26",,,"65.17","65.17",,,"-11.34","-11.34",,,,,"41.840014499999995","-87.63555596912866","POINT (-87.63555596912866 41.840014499999995)","DARLP7776_2026-01-27T07_16"
"DAWAP1896","2026-01-26T23:03:29.000","Greater Grand Crossing 5",,,,,,,,,,,,,,,,,,,,,"18.77","11.43","10.53","10.53",,,"57.81","57.81",,,"-12.84","-12.84",,,,,"41.7516673","-87.61940269812234","POINT (-87.61940269812234 41.7516673)","DAWAP1896_2026-01-26T23_03"
"DCABM0358","2026-02-10T06:42:54.000","South Lawndale 6",,,,,,,,,,,,,,,,,,,"12.92","12.19","33.17","19.97","21.81","21.81",,,"67.02","67.02",,,"2.86","2.86",,,,,"41.840363100000005","-87.73770467096696","POINT (-87.73770467096696 41.840363100000005)","DCABM0358_2026-02-10T06_42"
"DAWAP1896","2026-01-27T07:49:11.000","Greater Grand Crossing 5",,,,,,,,,,,,,,,,,,,,,"34.65","14.97","18.27","18.27",,,"65.57","65.57",,,"-11.15","-11.15",,,,,"41.7516673","-87.61940269812234","POINT (-87.61940269812234 41.7516673)","DAWAP1896_2026-01-27T07_49"
"DZBKX0961","2026-01-26T17:51:08.000","Kenwood 1",,,,,,,,,,,,,,,,,,,,,"7.73","10.6","6.24","6.24",,,"47.06","47.06",,,"-11.85","-11.85",,,,,"41.8130536","-87.60098186266059","POINT (-87.60098186266059 41.8130536)","DZBKX0961_2026-01-26T17_51"
"DGKDK3415","2026-01-26T19:45:47.000","Irving Park 4",,,,,,,,,,,,,,,,,,,,,"9.69","7.55","5.8","5.8",,,"52.34","52.34",,,"-10.49","-10.49",,,,,"41.941522899999995","-87.73560494297779","POINT (-87.73560494297779 41.941522899999995)","DGKDK3415_2026-01-26T19_45"
"DXHCB5919","2026-01-26T21:34:46.000","Uptown 2","1002.0","1002.0",,,,,,,,,,,,,,,,,,,"18.88","12.85","12.24","12.24","50.8","50.8","42.04","42.04","-10.8","-10.8","-8.53","-8.53","323.11","323.11","1.91","1.91","41.97559665","-87.65386596902835","POINT (-87.65386596902835 41.97559665)","DXHCB5919_2026-01-26T21_34"
"DZLAV7766","2026-01-27T02:09:28.000","Austin 4",,,,,,,,,,,,,,,,,,,,,"24.42","21.75","14.73","14.73",,,"63.86","63.86",,,"-14.05","-14.05",,,,,"41.8787019","-87.75315257211534","POINT (-87.75315257211534 41.8787019)","DZLAV7766_2026-01-27T02_09"
"DCIJQ7018","2026-02-10T20:56:59.000","West Ridge 6",,,,,,,,,,,,,,,,,,,"7.22","9.69","26.81","17.57","29.22","29.22",,,"54.3","54.3",,,"8.85","8.85",,,,,"42.002863700000006","-87.70792946030201","POINT (-87.70792946030201 42.002863700000006)","DCIJQ7018_2026-02-10T20_56"
"DXHCB5919","2026-02-10T21:58:27.000","Uptown 2","992.0","992.0",,,,,,,,,,,,,,,,,"12.05","14.71","36.39","20.49","32.67","32.67","60.7","60.7","49.39","49.39","6.6","6.6","9.29","9.29","355.0","355.0","3.56","3.56","41.97559665","-87.65386596902835","POINT (-87.65386596902835 41.97559665)","DXHCB5919_2026-02-10T21_58"
"DWTBM7891","2026-01-26T15:51:16.000","Woodlawn 1",,,,,,,,,,,,,,,,,,,,,"16.04","10.84","10.07","10.07",,,"57.65","57.65",,,"-14.57","-14.57",,,,,"41.77673266666667","-87.60245566666666","POINT (-87.60245566666666 41.77673266666667)","DWTBM7891_2026-01-26T15_51"
"DDCVA2276","2026-01-27T07:01:55.000","Forest Glen 2",,,,,,,,,,,,,,,,,,,,,"23.62","10.44","12.69","12.69",,,"64.13","64.13",,,"-11.78","-11.78",,,,,"42.003033450000004","-87.76224995","POINT (-87.76224995 42.003033450000004)","DDCVA2276_2026-01-27T07_01"
"DIXUN6634","2026-02-10T19:58:53.000","Ashburn 3",,,,,,,,,,,,,,,,,,,"2.91","9.68","26.27","19.09","27.03","27.03",,,"45.55","45.55",,,"12.42","12.42",,,,,"41.7521062","-87.70393644313098","POINT (-87.70393644313098 41.7521062)","DIXUN6634_2026-02-10T19_58"
"DXIGM4223","2026-01-27T10:41:30.000","Ashburn 6",,,,,,,,,,,,,,,,,,,,,"28.14","15.24","14.29","14.29",,,"69.36","69.36",,,"-9.85","-9.85",,,,,"41.73950785","-87.7038867676452","POINT (-87.7038867676452 41.73950785)","DXIGM4223_2026-01-27T10_41"
"DLDVK7370","2026-01-26T18:31:52.000","South Chicago 2",,,,,,,,,,,,,,,,,,,,,"17.06","11.64","9.39","9.39",,,"49.18","49.18",,,"-11.8","-11.8",,,,,"41.75137435","-87.55253841882741","POINT (-87.55253841882741 41.75137435)","DLDVK7370_2026-01-26T18_31"
"DATLR2184","2026-01-27T03:43:29.000","Brighton Park 1",,,,,,,,,,,,,,,,,,,,,"27.31","15.92","16.02","16.02",,,"69.16","69.16",,,"-13.89","-13.89",,,,,"41.82784155","-87.70286514736534","POINT (-87.70286514736534 41.82784155)","DATLR2184_2026-01-27T03_43"
"DKHYU9123","2026-01-27T00:50:00.000","Clearing 3",,,,,,,,,,,,,,,,,,,,,"13.65","8.17","8.24","8.24",,,"59.55","59.55",,,"-13.89","-13.89",,,,,"41.7775443","-87.7539507010849","POINT (-87.7539507010849 41.7775443)","DKHYU9123_2026-01-27T00_50"
"DQAJZ3770","2026-01-27T01:38:23.000","Logan Square 2",,,,,,,,,,,,,,,,,,,,,"10.85","11.6","7.88","7.88",,,"60.91","60.91",,,"-13.64","-13.64",,,,,"41.92201145","-87.67250156057692","POINT (-87.67250156057692 41.92201145)","DQAJZ3770_2026-01-27T01_38"
"DWMKK1484","2026-01-27T14:04:50.000","Gage Park 2",,,,,,,,,,,,,,,,,,,,,"25.5","14.24","15.19","15.19",,,"63.75","63.75",,,"-8.76","-8.76",,,,,"41.802533999999994","-87.68644672022128","POINT (-87.68644672022128 41.802533999999994)","DWMKK1484_2026-01-27T14_04"
"DMHRT7456","2026-01-27T05:30:09.000","Chicago Lawn 3",,,,,,,,,,,,,,,,,,,,,"40.75","19.76","21.83","21.83",,,"65.84","65.84",,,"-12.49","-12.49",,,,,"41.76441945","-87.68673944937888","POINT (-87.68673944937888 41.76441945)","DMHRT7456_2026-01-27T05_30"
"DUUZN2841","2026-01-27T14:23:21.000","Logan Square 3",,,,,,,,,,,,,,,,,,,,,"10.92","8.57","8.3","8.3",,,"63.53","63.53",,,"-8.75","-8.75",,,,,"41.9218112","-87.6906365784621","POINT (-87.6906365784621 41.9218112)","DUUZN2841_2026-01-27T14_23"
"DAHWZ2321","2026-01-27T07:13:19.000","Albany Park 2",,,,,,,,,,,,,,,,,,,,,"32.77","16.9","19.61","19.61",,,"63.9","63.9",,,"-11.42","-11.42",,,,,"41.96237755","-87.70857185888067","POINT (-87.70857185888067 41.96237755)","DAHWZ2321_2026-01-27T07_13"
"DIIPF3878","2026-02-10T20:13:16.000","Edgewater 2",,,,,,,,,,,,,,,,,,,"17.33","11.44","35.83","19.7","29.38","29.38",,,"61.41","61.41",,,"7.34","7.34",,,,,"41.9859255","-87.65593","POINT (-87.65593 41.9859255)","DIIPF3878_2026-02-10T20_13"
"DEIDA3268","2026-01-27T05:02:51.000","Near North Side 1",,,,,,,,,,,,,,,,,,,,,"34.43","17.76","18.86","18.86",,,"71.92","71.92",,,"-12.25","-12.25",,,,,"41.908086850000004","-87.65476058225389","POINT (-87.65476058225389 41.908086850000004)","DEIDA3268_2026-01-27T05_02"
"DWTBM7891","2026-01-26T23:18:12.000","Woodlawn 1",,,,,,,,,,,,,,,,,,,,,"19.81","12.21","12.6","12.6",,,"57.11","57.11",,,"-12.8","-12.8",,,,,"41.77673266666667","-87.60245566666666","POINT (-87.60245566666666 41.77673266666667)","DWTBM7891_2026-01-26T23_18"
"DFNHF0256","2026-01-27T08:18:37.000","Mayfair Collocation 1",,,,,,,,,,,,,,,,,,,,,"29.23","13.45","16.11","16.11",,,"65.89","65.89",,,"-10.96","-10.96",,,,,"41.964742","-87.749434","POINT (-87.749434 41.964742)","DFNHF0256_2026-01-27T08_18"
"DIUZJ7853","2026-01-26T21:22:08.000","Garfield Ridge 2",,,,,,,,,,,,,,,,,,,,,"30.99","17.32","19.89","19.89",,,"54.75","54.75",,,"-11.5","-11.5",,,,,"41.7903843","-87.77048382045737","POINT (-87.77048382045737 41.7903843)","DIUZJ7853_2026-01-26T21_22"
"DHNQG0980","2026-01-27T06:01:21.000","Irving Park 1",,,,,,,,,,,,,,,,,,,,,"50.56","21.21","30.48","30.48",,,"62.73","62.73",,,"-11.49","-11.49",,,,,"41.96257933331695","-87.74452053946244","POINT (-87.74452053946244 41.96257933331695)","DHNQG0980_2026-01-27T06_01"
"DCFVE7122","2026-01-27T14:32:30.000","New City 3",,,,,,,,,,,,,,,,,,,,,"19.23","11.41","10.55","10.55",,,"62.01","62.01",,,"-7.79","-7.79",,,,,"41.801765700000004","-87.63592810040294","POINT (-87.63592810040294 41.801765700000004)","DCFVE7122_2026-01-27T14_32"
"DLVFF5341","2026-01-26T13:56:23.000","Grand Boulevard 2",,,,,,,,,,,,,,,,,,,,,"7.92","7.25","5.82","5.82",,,"64.85","64.85",,,"-15.72","-15.72",,,,,"41.80223545","-87.61894770389034","POINT (-87.61894770389034 41.80223545)","DLVFF5341_2026-01-26T13_56"
"DLNMW9381","2026-01-27T11:47:38.000","Washington Heights 5",,,,,,,,,,,,,,,,,,,,,"40.08","14.53","18.47","18.47",,,"72.56","72.56",,,"-9.94","-9.94",,,,,"41.7138256","-87.65385383114133","POINT (-87.65385383114133 41.7138256)","DLNMW9381_2026-01-27T11_47"
"DEQFM3089","2026-01-27T10:47:01.000","Mayfair Collocation 3",,,,,,,,,,,,,,,,,,,,,"27.66","11.6","13.58","13.58",,,"70.64","70.64",,,"-9.95","-9.95",,,,,"41.964742","-87.749434","POINT (-87.749434 41.964742)","DEQFM3089_2026-01-27T10_47"
"DIWYY0447","2026-01-27T01:06:46.000","West Ridge 4",,,,,,,,,,,,,,,,,,,,,"8.12","6.14","5.11","5.11",,,"58.08","58.08",,,"-13.84","-13.84",,,,,"41.989670700000005","-87.69002591530548","POINT (-87.69002591530548 41.989670700000005)","DIWYY0447_2026-01-27T01_06"
"DTKNM4892","2026-01-26T12:47:08.000","Beverly 3",,,,,,,,,,,,,,,,,,,,,"8.31","7.41","5.37","5.37",,,"65.7","65.7",,,"-16.5","-16.5",,,,,"41.705905900000005","-87.65691952734281","POINT (-87.65691952734281 41.705905900000005)","DTKNM4892_2026-01-26T12_47"
"DKNMF4367","2026-02-10T04:12:11.000","Oakland 1",,,,,,,,,,,,,,,,,,,"20.77","19.49","39.37","18.66","28.48","28.48",,,"64.55","64.55",,,"2.82","2.82",,,,,"41.82675732205337","-87.60127391430812","POINT (-87.60127391430812 41.82675732205337)","DKNMF4367_2026-02-10T04_12"
"DLFZU4679","2026-01-27T10:41:45.000","West Englewood 2",,,,,,,,,,,,,,,,,,,,,"22.92","11.02","10.99","10.99",,,"70.42","70.42",,,"-10.05","-10.05",,,,,"41.777212500000005","-87.66997231765325","POINT (-87.66997231765325 41.777212500000005)","DLFZU4679_2026-01-27T10_41"
"DUSKD5383","2026-01-27T12:03:39.000","Dunning 2",,,,,,,,,,,,,,,,,,,,,"27.15","11.93","16.76","16.76",,,"73.24","73.24",,,"-9.81","-9.81",,,,,"41.9494264","-87.81722894476465","POINT (-87.81722894476465 41.9494264)","DUSKD5383_2026-01-27T12_03"
"DKIJX6114","2026-01-26T23:39:59.000","Lincoln Square 1",,,,,,,,,,,,,,,,,,,,,"8.5","6.57","4.84","4.84",,,"59.29","59.29",,,"-12.76","-12.76",,,,,"41.975673400000005","-87.69009047047274","POINT (-87.69009047047274 41.975673400000005)","DKIJX6114_2026-01-26T23_39"
"DPMWW4120","2026-01-27T11:02:52.000","Garfield Ridge 3",,,,,,,,,,,,,,,,,,,,,"39.23","15.49","19.88","19.88",,,"72.72","72.72",,,"-9.87","-9.87",,,,,"41.7872597","-87.78189702338281","POINT (-87.78189702338281 41.7872597)","DPMWW4120_2026-01-27T11_02"
"DQABT4506","2026-02-10T04:10:32.000","Riverdale 2",,,,,,,,,,,,,,,,,,,"19.02","20.71","38.93","18.1","26.71","26.71",,,"63.54","63.54",,,"2.82","2.82",,,,,"41.66370695","-87.6054486089225","POINT (-87.6054486089225 41.66370695)","DQABT4506_2026-02-10T04_10"
"DKISS7174","2026-01-26T22:22:03.000","West Elsdon 2",,,,,,,,,,,,,,,,,,,,,"29.73","16.35","17.66","17.66",,,"56.4","56.4",,,"-12.02","-12.02",,,,,"41.7898683","-87.72002286796209","POINT (-87.72002286796209 41.7898683)","DKISS7174_2026-01-26T22_22"
"DCABM0358","2026-01-27T00:27:56.000","South Lawndale 6",,,,,,,,,,,,,,,,,,,,,"10.81","8.55","6.54","6.54",,,"59.79","59.79",,,"-13.57","-13.57",,,,,"41.840363100000005","-87.73770467096696","POINT (-87.73770467096696 41.840363100000005)","DCABM0358_2026-01-27T00_27"
"DEWGT8066","2026-02-10T15:06:55.000","Portage Park 3",,,,,,,,,,,,,,,,,,,"20.03","22.27","58.13","27.41","46.88","46.88",,,"68.2","68.2",,,"5.01","5.01",,,,,"41.94911115","-87.74480067538144","POINT (-87.74480067538144 41.94911115)","DEWGT8066_2026-02-10T15_06"
"DAHAJ0678","2026-01-27T14:22:28.000","Ashburn 1",,,,,,,,,,,,,,,,,,,,,"12.54","10.26","8.45","8.45",,,"64.15","64.15",,,"-9.0","-9.0",,,,,"41.7522794","-87.73751065","POINT (-87.73751065 41.7522794)","DAHAJ0678_2026-01-27T14_22"
"DIXUN6634","2026-01-26T12:08:06.000","Ashburn 3",,,,,,,,,,,,,,,,,,,,,"9.77","8.94","6.69","6.69",,,"64.42","64.42",,,"-16.28","-16.28",,,,,"41.7521062","-87.70393644313098","POINT (-87.70393644313098 41.7521062)","DIXUN6634_2026-01-26T12_08"
"DJCYU2364","2026-01-27T01:10:27.000","Douglas 2",,,,,,,,,,,,,,,,,,,,,"12.88","9.9","9.49","9.49",,,"60.13","60.13",,,"-13.91","-13.91",,,,,"41.82725075","-87.61890358618274","POINT (-87.61890358618274 41.82725075)","DJCYU2364_2026-01-27T01_10"
"DIEET8865","2026-01-27T12:53:34.000","Hyde Park 4",,,,,,,,,,,,,,,,,,,,,"19.12","9.92","9.32","9.32",,,"73.27","73.27",,,"-9.91","-9.91",,,,,"41.7864527902171","-87.60174594829185","POINT (-87.60174594829185 41.7864527902171)","DIEET8865_2026-01-27T12_53"
"DUGYZ8163","2026-01-27T12:08:33.000","Ashburn 4",,,,,,,,,,,,,,,,,,,,,"35.66","13.19","16.9","16.9",,,"73.16","73.16",,,"-9.97","-9.97",,,,,"41.7524136","-87.68538850711178","POINT (-87.68538850711178 41.7524136)","DUGYZ8163_2026-01-27T12_08"
"DMMRS6981","2026-01-27T00:13:33.000","Forest Glen 1",,,,,,,,,,,,,,,,,,,,,"7.73","7.93","6.31","6.31",,,"57.76","57.76",,,"-13.54","-13.54",,,,,"42.00388875","-87.78008329520102","POINT (-87.78008329520102 42.00388875)","DMMRS6981_2026-01-27T00_13"
"DEQFM3089","2026-01-27T04:10:30.000","Mayfair Collocation 3",,,,,,,,,,,,,,,,,,,,,"47.84","19.67","25.96","25.96",,,"66.54","66.54",,,"-12.95","-12.95",,,,,"41.964742","-87.749434","POINT (-87.749434 41.964742)","DEQFM3089_2026-01-27T04_10"
"DPDDG5192","2026-01-27T10:31:54.000","Montclare 1",,,,,,,,,,,,,,,,,,,,,"40.85","15.8","20.9","20.9",,,"70.05","70.05",,,"-9.66","-9.66",,,,,"41.935839200000004","-87.79903217637985","POINT (-87.79903217637985 41.935839200000004)","DPDDG5192_2026-01-27T10_31"
"DFQDK6326","2026-01-26T22:34:30.000","Beverly 1",,,,,,,,,,,,,,,,,,,,,"16.0","11.81","10.42","10.42",,,"55.7","55.7",,,"-12.96","-12.96",,,,,"41.732839299999995","-87.67465490628803","POINT (-87.67465490628803 41.732839299999995)","DFQDK6326_2026-01-26T22_34"
"DGKDK3415","2026-01-27T11:39:54.000","Irving Park 4",,,,,,,,,,,,,,,,,,,,,"18.31","9.29","10.26","10.26",,,"72.3","72.3",,,"-10.0","-10.0",,,,,"41.941522899999995","-87.73560494297779","POINT (-87.73560494297779 41.941522899999995)","DGKDK3415_2026-01-27T11_39"
"DWRMS8182","2026-01-26T12:46:45.000","South Chicago 1",,,,,,,,,,,,,,,,,,,,,"14.85","10.02","7.91","7.91",,,"64.62","64.62",,,"-15.84","-15.84",,,,,"41.7514325","-87.56903725190702","POINT (-87.56903725190702 41.7514325)","DWRMS8182_2026-01-26T12_46"
"DPWHE0976","2026-01-27T06:24:02.000","Fuller Park 1",,,,,,,,,,,,,,,,,,,,,"22.6","11.73","11.66","11.66",,,"65.82","65.82",,,"-12.02","-12.02",,,,,"41.81472425","-87.63492704556565","POINT (-87.63492704556565 41.81472425)","DPWHE0976_2026-01-27T06_24"
"DIEET8865","2026-02-10T21:29:25.000","Hyde Park 4",,,,,,,,,,,,,,,,,,,"9.67","10.97","41.98","21.53","25.64","25.64",,,"64.1","64.1",,,"6.45","6.45",,,,,"41.7864527902171","-87.60174594829185","POINT (-87.60174594829185 41.7864527902171)","DIEET8865_2026-02-10T21_29"
"DCIRD2804","2026-01-26T13:25:16.000","Near South Side 1",,,,,,,,,,,,,,,,,,,,,"13.96","8.81","8.71","8.71",,,"64.78","64.78",,,"-15.91","-15.91",,,,,"41.86735079697037","-87.61884913697226","POINT (-87.61884913697226 41.86735079697037)","DCIRD2804_2026-01-26T13_25"
"DMLFU0523","2026-02-10T20:24:49.000","Pullman 2",,,,,,,,,,,,,,,,,,,"8.65","6.95","28.56","16.05","24.89","24.89",,,"54.14","54.14",,,"9.57","9.57",,,,,"41.713040199999995","-87.58430474129636","POINT (-87.58430474129636 41.713040199999995)","DMLFU0523_2026-02-10T20_24"
"DQXJA8041","2026-01-26T12:20:02.000","Archer Heights 3",,,,,,,,,,,,,,,,,,,,,"12.19","10.98","14.1","14.1",,,"63.94","63.94",,,"-16.12","-16.12",,,,,"41.80260805","-87.72071352114713","POINT (-87.72071352114713 41.80260805)","DQXJA8041_2026-01-26T12_20"
"DMFEL5431","2026-02-10T21:33:43.000","Garfield Ridge 4",,,,,,,,,,,,,,,,,,,"16.27","15.75","30.44","19.92","32.27","32.27",,,"50.8","50.8",,,"9.8","9.8",,,,,"41.787349199999994","-87.80034666308356","POINT (-87.80034666308356 41.787349199999994)","DMFEL5431_2026-02-10T21_33"
"DGGGM0466","2026-02-10T20:00:39.000","Bridgeport 1",,,,,,,,,,,,,,,,,,,"9.95","15.27","28.06","15.8","20.76","20.76",,,"51.21","51.21",,,"10.59","10.59",,,,,"41.840132100000005","-87.65224955235848","POINT (-87.65224955235848 41.840132100000005)","DGGGM0466_2026-02-10T20_00"
"DIFPQ7419","2026-02-10T21:12:31.000","Avondale 2",,,,,,,,,,,,,,,,,,,"8.71","11.93","23.31","14.73","25.22","25.22",,,"47.51","47.51",,,"11.56","11.56",,,,,"41.93555175","-87.6910915509286","POINT (-87.6910915509286 41.93555175)","DIFPQ7419_2026-02-10T21_12"
"DTUGZ9693","2026-01-27T04:49:26.000","Lake View 3",,,,,,,,,,,,,,,,,,,,,"50.14","21.6","39.54","39.54",,,"66.11","66.11",,,"-11.7","-11.7",,,,,"41.93498346759276","-87.63645802882175","POINT (-87.63645802882175 41.93498346759276)","DTUGZ9693_2026-01-27T04_49"
"DBDBP2246","2026-01-27T08:50:27.000","Greater Grand Crossing 4",,,,,,,,,,,,,,,,,,,,,"39.81","15.27","17.95","17.95",,,"66.21","66.21",,,"-10.74","-10.74",,,,,"41.751726399999995","-87.60303067276175","POINT (-87.60303067276175 41.751726399999995)","DBDBP2246_2026-01-27T08_50"
"DFMDU1576","2026-02-10T04:50:23.000","Greater Grand Crossing 1",,,,,,,,,,,,,,,,,,,"25.86","27.04","44.02","23.09","30.56","30.56",,,"63.74","63.74",,,"3.05","3.05",,,,,"41.7770346","-87.61823783345807","POINT (-87.61823783345807 41.7770346)","DFMDU1576_2026-02-10T04_50"
"DSSQU9498","2026-01-27T03:32:47.000","Near North Side 4","999.0","999.0",,,,,,,,,,,,,,,,,,,"27.73","14.8","16.61","16.61","70.3","70.3","57.58","57.58","-14.1","-14.1","-11.63","-11.63","323.57","323.57","1.67","1.67","41.89454935","-87.63665349658982","POINT (-87.63665349658982 41.89454935)","DSSQU9498_2026-01-27T03_32"
"DARLP7776","2026-02-10T05:08:21.000","Armour Square 2",,,,,,,,,,,,,,,,,,,"21.52","20.74","42.54","18.29","26.9","26.9",,,"64.81","64.81",,,"3.0","3.0",,,,,"41.840014499999995","-87.63555596912866","POINT (-87.63555596912866 41.840014499999995)","DARLP7776_2026-02-10T05_08"
"DFKYH6865","2026-01-27T07:52:12.000","Morgan Park 1",,,,,,,,,,,,,,,,,,,,,"28.51","16.82","15.79","15.79",,,"66.54","66.54",,,"-11.48","-11.48",,,,,"41.69223635","-87.67489329295597","POINT (-87.67489329295597 41.69223635)","DFKYH6865_2026-01-27T07_52"
"DEPLW3142","2026-01-27T01:22:21.000","Greater Grand Crossing 3",,,,,,,,,,,,,,,,,,,,,"9.12","8.49","6.38","6.38",,,"58.38","58.38",,,"-14.05","-14.05",,,,,"41.7640476","-87.60243825440212","POINT (-87.60243825440212 41.7640476)","DEPLW3142_2026-01-27T01_22"
"DXHCB5919","2026-02-10T21:54:15.000","Uptown 2","992.0","992.0",,,,,,,,,,,,,,,,,"11.78","14.44","36.17","20.29","32.86","32.86","60.2","60.2","49.15","49.15","6.7","6.7","9.39","9.39","353.02","353.02","3.06","3.06","41.97559665","-87.65386596902835","POINT (-87.65386596902835 41.97559665)","DXHCB5919_2026-02-10T21_54"
"DYWWS0378","2026-02-10T14:50:10.000","Uptown 4",,,,,,,,,,,,,,,,,,,"19.18","16.94","27.62","18.39","16.33","16.33",,,"66.98","66.98",,,"5.4","5.4",,,,,"41.96225355","-87.67205436320755","POINT (-87.67205436320755 41.96225355)","DYWWS0378_2026-02-10T14_50"
"DBASA0396","2026-02-10T23:34:46.000","Washington HS Collocation 1",,,,,,,,,,,,,,,,,,,"20.03","17.44","43.88","20.72","37.51","37.51",,,"70.76","70.76",,,"3.16","3.16",,,,,"41.687495","-87.538083","POINT (-87.538083 41.687495)","DBASA0396_2026-02-10T23_34"
"DBLXJ4454","2026-01-27T14:19:38.000","New City 5",,,,,,,,,,,,,,,,,,,,,"21.58","11.9","11.71","11.71",,,"64.15","64.15",,,"-9.06","-9.06",,,,,"41.802394199999995","-87.66940364304637","POINT (-87.66940364304637 41.802394199999995)","DBLXJ4454_2026-01-27T14_19"
"DGRSB4646","2026-01-26T12:30:20.000","Belmont Cragin 1",,,,,,,,,,,,,,,,,,,,,"14.69","9.45","7.75","7.75",,,"64.95","64.95",,,"-16.35","-16.35",,,,,"41.93583815","-87.7807855303175","POINT (-87.7807855303175 41.93583815)","DGRSB4646_2026-01-26T12_30"
"DWFRI5691","2026-01-27T06:54:02.000","Humboldt Park 1",,,,,,,,,,,,,,,,,,,,,"36.32","14.95","17.93","17.93",,,"63.9","63.9",,,"-11.64","-11.64",,,,,"41.9036584","-87.73599568710452","POINT (-87.73599568710452 41.9036584)","DWFRI5691_2026-01-27T06_54"
"DYLLV9237","2026-01-27T00:02:09.000","Portage Park 5",,,,,,,,,,,,,,,,,,,,,"31.86","19.71","26.58","26.58",,,"59.87","59.87",,,"-13.23","-13.23",,,,,"41.94900945","-87.76278188336448","POINT (-87.76278188336448 41.94900945)","DYLLV9237_2026-01-27T00_02"
"DQXJA8041","2026-01-26T12:37:06.000","Archer Heights 3",,,,,,,,,,,,,,,,,,,,,"11.23","9.46","9.25","9.25",,,"64.3","64.3",,,"-16.21","-16.21",,,,,"41.80260805","-87.72071352114713","POINT (-87.72071352114713 41.80260805)","DQXJA8041_2026-01-26T12_37"
"DXWXZ1902","2026-02-10T20:21:45.000","South Deering 1",,,,,,,,,,,,,,,,,,,"7.97","13.41","41.55","23.1","30.89","30.89",,,"54.07","54.07",,,"9.74","9.74",,,,,"41.71372895","-87.56962240593828","POINT (-87.56962240593828 41.71372895)","DXWXZ1902_2026-02-10T20_21"
"DDGFW8206","2026-01-26T19:00:52.000","Englewood 3",,,,,,,,,,,,,,,,,,,,,"7.94","7.41","4.17","4.17",,,"49.86","49.86",,,"-11.08","-11.08",,,,,"41.77689575","-87.635949892389","POINT (-87.635949892389 41.77689575)","DDGFW8206_2026-01-26T19_00"
"DJKZD4256","2026-02-10T14:51:29.000","Morgan Park 3",,,,,,,,,,,,,,,,,,,"27.84","25.69","29.47","15.56","23.4","23.4",,,"68.8","68.8",,,"5.65","5.65",,,,,"41.67869235","-87.67466474951416","POINT (-87.67466474951416 41.67869235)","DJKZD4256_2026-02-10T14_51"
"DAUPG9028","2026-01-27T12:42:38.000","Portage Park 2",,,,,,,,,,,,,,,,,,,,,"18.62","12.71","13.04","13.04",,,"70.36","70.36",,,"-9.24","-9.24",,,,,"41.9627009","-87.76268011146504","POINT (-87.76268011146504 41.9627009)","DAUPG9028_2026-01-27T12_42"
"DALBP5360","2026-02-10T20:45:50.000","Beverly 4",,,,,,,,,,,,,,,,,,,"6.08","12.27","22.85","15.1","22.34","22.34",,,"45.7","45.7",,,"13.27","13.27",,,,,"41.70569725","-87.67464569624644","POINT (-87.67464569624644 41.70569725)","DALBP5360_2026-02-10T20_45"
"DBCBA3610","2026-02-10T14:45:28.000","Austin 5",,,,,,,,,,,,,,,,,,,"18.62","18.19","46.18","23.7","38.05","38.05",,,"66.53","66.53",,,"5.61","5.61",,,,,"41.8669061","-87.753564390105","POINT (-87.753564390105 41.8669061)","DBCBA3610_2026-02-10T14_45"
"DLUKV4510","2026-01-27T04:41:56.000","Calumet Heights 3",,,,,,,,,,,,,,,,,,,,,"25.27","12.58","11.38","11.38",,,"68.35","68.35",,,"-13.64","-13.64",,,,,"41.72602304045317","-87.55256172786454","POINT (-87.55256172786454 41.72602304045317)","DLUKV4510_2026-01-27T04_41"
"DWGYM0810","2026-02-10T05:47:11.000","Avalon Park 1",,,,,,,,,,,,,,,,,,,"11.77","11.56","41.91","23.54","44.25","44.25",,,"64.59","64.59",,,"2.97","2.97",,,,,"41.7505205","-87.58579258993602","POINT (-87.58579258993602 41.7505205)","DWGYM0810_2026-02-10T05_47"
"DWCTD3003","2026-01-27T04:51:17.000","East Side 4",,,,,,,,,,,,,,,,,,,,,"33.19","14.07","17.34","17.34",,,"67.49","67.49",,,"-13.31","-13.31",,,,,"41.68755215","-87.53597050294346","POINT (-87.53597050294346 41.68755215)","DWCTD3003_2026-01-27T04_51"
"DQTUI1287","2026-01-27T06:04:25.000","Hegewisch 4",,,,,,,,,,,,,,,,,,,,,"20.87","10.35","10.31","10.31",,,"65.89","65.89",,,"-12.54","-12.54",,,,,"41.6496509","-87.55276648075318","POINT (-87.55276648075318 41.6496509)","DQTUI1287_2026-01-27T06_04"
"DCYXM8877","2026-02-10T04:23:44.000","Dunning 1",,,,,,,,,,,,,,,,,,,"12.6","17.07","35.28","19.23","22.72","22.72",,,"66.72","66.72",,,"2.57","2.57",,,,,"41.94945715","-87.83511784539533","POINT (-87.83511784539533 41.94945715)","DCYXM8877_2026-02-10T04_23"
"DKDJK5693","2026-01-27T14:52:08.000","Roseland 1",,,,,,,,,,,,,,,,,,,,,"20.23","13.51","13.9","13.9",,,"59.71","59.71",,,"-8.7","-8.7",,,,,"41.726565","-87.61949170539359","POINT (-87.61949170539359 41.726565)","DKDJK5693_2026-01-27T14_52"
"DCYXM8877","2026-02-10T20:26:37.000","Dunning 1",,,,,,,,,,,,,,,,,,,"4.51","10.39","28.92","18.25","26.49","26.49",,,"51.39","51.39",,,"11.04","11.04",,,,,"41.94945715","-87.83511784539533","POINT (-87.83511784539533 41.94945715)","DCYXM8877_2026-02-10T20_26"
"DGRSB4646","2026-02-10T21:44:37.000","Belmont Cragin 1",,,,,,,,,,,,,,,,,,,"6.64","11.88","38.96","20.24","32.47","32.47",,,"55.45","55.45",,,"8.24","8.24",,,,,"41.93583815","-87.7807855303175","POINT (-87.7807855303175 41.93583815)","DGRSB4646_2026-02-10T21_44"
"DMHRT7456","2026-01-27T04:55:28.000","Chicago Lawn 3",,,,,,,,,,,,,,,,,,,,,"43.82","20.17","22.6","22.6",,,"66.4","66.4",,,"-12.81","-12.81",,,,,"41.76441945","-87.68673944937888","POINT (-87.68673944937888 41.76441945)","DMHRT7456_2026-01-27T04_55"
"DKTWP2892","2026-01-26T13:06:11.000","East Side 3",,,,,,,,,,,,,,,,,,,,,"14.38","9.76","7.37","7.37",,,"65.26","65.26",,,"-16.05","-16.05",,,,,"41.7006795","-87.53620860009178","POINT (-87.53620860009178 41.7006795)","DKTWP2892_2026-01-26T13_06"
"DJSLY4013","2026-01-27T05:32:46.000","South Lawndale 1",,,,,,,,,,,,,,,,,,,,,"40.27","18.75","21.43","21.43",,,"64.4","64.4",,,"-11.98","-11.98",,,,,"41.85292095","-87.7031106219689","POINT (-87.7031106219689 41.85292095)","DJSLY4013_2026-01-27T05_32"
"DVCHA9392","2026-01-27T02:23:55.000","Gage Park 3",,,,,,,,,,,,,,,,,,,,,"16.73","8.86","9.61","9.61",,,"67.28","67.28",,,"-14.39","-14.39",,,,,"41.78987765","-87.68662485","POINT (-87.68662485 41.78987765)","DVCHA9392_2026-01-27T02_23"
"DYLLV9237","2026-01-26T19:22:58.000","Portage Park 5",,,,,,,,,,,,,,,,,,,,,"10.77","10.59","7.01","7.01",,,"51.11","51.11",,,"-10.95","-10.95",,,,,"41.94900945","-87.76278188336448","POINT (-87.76278188336448 41.94900945)","DYLLV9237_2026-01-26T19_22"
"DQUUS8611","2026-01-27T04:14:29.000","West Town 4",,,,,,,,,,,,,,,,,,,,,"24.5","13.49","14.01","14.01",,,"69.21","69.21",,,"-12.89","-12.89",,,,,"41.8948325","-87.67276417877609","POINT (-87.67276417877609 41.8948325)","DQUUS8611_2026-01-27T04_14"
"DJWGZ0445","2026-01-26T21:53:59.000","Grand Boulevard 1",,,,,,,,,,,,,,,,,,,,,"17.65","10.42","11.06","11.06",,,"58.74","58.74",,,"-12.09","-12.09",,,,,"41.814588650000005","-87.61885441047625","POINT (-87.61885441047625 41.814588650000005)","DJWGZ0445_2026-01-26T21_53"
"DFCTF9310","2026-01-27T03:39:08.000","Washington Heights 4",,,,,,,,,,,,,,,,,,,,,"61.34","21.75","33.48","33.48",,,"70.29","70.29",,,"-14.38","-14.38",,,,,"41.701536071848494","-87.65364411744643","POINT (-87.65364411744643 41.701536071848494)","DFCTF9310_2026-01-27T03_39"
"DBTKW5792","2026-02-10T03:45:14.000","Austin 8",,,,,,,,,,,,,,,,,,,"15.65","14.84","36.08","17.62","25.28","25.28",,,"64.08","64.08",,,"2.72","2.72",,,,,"41.8912125","-87.76984190347045","POINT (-87.76984190347045 41.8912125)","DBTKW5792_2026-02-10T03_45"
"DFIBC1899","2026-01-27T00:05:35.000","South Deering 7","1002.0","1002.0",,,,,,,,,,,,,,,,,,,"14.96","10.05","8.13","8.13","62.5","62.5","53.53","53.53","-15.3","-15.3","-12.91","-12.91","202.91","202.91","2.13","2.13","41.66442141105966","-87.58654247521171","POINT (-87.58654247521171 41.66442141105966)","DFIBC1899_2026-01-27T00_05"
"DNBKU3560","2026-01-26T13:16:16.000","West Englewood 1",,,,,,,,,,,,,,,,,,,,,"12.19","8.04","6.76","6.76",,,"66.21","66.21",,,"-16.75","-16.75",,,,,"41.78978595","-87.6695977816758","POINT (-87.6695977816758 41.78978595)","DNBKU3560_2026-01-26T13_16"
"DIBVR6629","2026-01-26T18:57:24.000","Beverly 2",,,,,,,,,,,,,,,,,,,,,"16.96","9.52","8.59","8.59",,,"57.66","57.66",,,"-13.5","-13.5",,,,,"41.719080149999996","-87.67444563166188","POINT (-87.67444563166188 41.719080149999996)","DIBVR6629_2026-01-26T18_57"
"DTFVD6048","2026-01-27T00:28:43.000","Riverdale 1",,,,,,,,,,,,,,,,,,,,,"9.83","7.32","5.8","5.8",,,"61.3","61.3",,,"-14.91","-14.91",,,,,"41.67589005","-87.60362888146102","POINT (-87.60362888146102 41.67589005)","DTFVD6048_2026-01-27T00_28"
"DJKZD4256","2026-01-27T00:46:07.000","Morgan Park 3",,,,,,,,,,,,,,,,,,,,,"4.38","4.92","2.93","2.93",,,"59.76","59.76",,,"-14.16","-14.16",,,,,"41.67869235","-87.67466474951416","POINT (-87.67466474951416 41.67869235)","DJKZD4256_2026-01-27T00_46"
"DQJDZ1252","2026-01-26T16:50:04.000","West Pullman 1",,,,,,,,,,,,,,,,,,,,,"11.19","8.36","5.84","5.84",,,"53.9","53.9",,,"-13.76","-13.76",,,,,"41.67590428555132","-87.6540277876164","POINT (-87.6540277876164 41.67590428555132)","DQJDZ1252_2026-01-26T16_50"
"DXEMM9791","2026-01-27T06:01:59.000","Chatham 2",,,,,,,,,,,,,,,,,,,,,"31.6","14.49","15.83","15.83",,,"65.24","65.24",,,"-12.51","-12.51",,,,,"41.7389797","-87.60272773313176","POINT (-87.60272773313176 41.7389797)","DXEMM9791_2026-01-27T06_01"
"DMTRR1120","2026-01-26T22:56:02.000","Burnside 1",,,,,,,,,,,,,,,,,,,,,"26.23","16.65","16.37","16.37",,,"55.26","55.26",,,"-12.91","-12.91",,,,,"41.7264486","-87.60347733401628","POINT (-87.60347733401628 41.7264486)","DMTRR1120_2026-01-26T22_56"
"DUSKD5383","2026-01-26T19:33:00.000","Dunning 2",,,,,,,,,,,,,,,,,,,,,"12.54","10.4","9.02","9.02",,,"51.78","51.78",,,"-12.58","-12.58",,,,,"41.9494264","-87.81722894476465","POINT (-87.81722894476465 41.9494264)","DUSKD5383_2026-01-26T19_33"
"DBFUZ7169","2026-01-27T05:20:03.000","South Chicago 4",,,,,,,,,,,,,,,,,,,,,"29.85","15.83","15.81","15.81",,,"66.5","66.5",,,"-13.19","-13.19",,,,,"41.73860965","-87.55239535029682","POINT (-87.55239535029682 41.73860965)","DBFUZ7169_2026-01-27T05_20"
"DVYCN4987","2026-01-27T01:54:38.000","Mayfair Collocation 2",,,,,,,,,,,,,,,,,,,,,"15.85","10.91","10.21","10.21",,,"61.71","61.71",,,"-14.02","-14.02",,,,,"41.964742","-87.749434","POINT (-87.749434 41.964742)","DVYCN4987_2026-01-27T01_54"
"DFQDK6326","2026-01-27T06:11:21.000","Beverly 1",,,,,,,,,,,,,,,,,,,,,"24.85","13.48","15.07","15.07",,,"64.56","64.56",,,"-12.34","-12.34",,,,,"41.732839299999995","-87.67465490628803","POINT (-87.67465490628803 41.732839299999995)","DFQDK6326_2026-01-27T06_11"
"DDQNT6485","2026-01-27T09:28:15.000","Armour Square 1",,,,,,,,,,,,,,,,,,,,,"40.69","17.18","20.7","20.7",,,"68.21","68.21",,,"-10.45","-10.45",,,,,"41.85262982537949","-87.63531098320047","POINT (-87.63531098320047 41.85262982537949)","DDQNT6485_2026-01-27T09_28"
"DYWHJ8696","2026-01-26T17:42:53.000","Chicago Lawn 1",,,,,,,,,,,,,,,,,,,,,"10.62","8.37","6.31","6.31",,,"49.2","49.2",,,"-11.35","-11.35",,,,,"41.7773501","-87.7035278237011","POINT (-87.7035278237011 41.7773501)","DYWHJ8696_2026-01-26T17_42"
"DXHCB5919","2026-01-27T03:05:49.000","Uptown 2","997.0","997.0",,,,,,,,,,,,,,,,,,,"26.96","14.82","16.06","16.06","69.0","69.0","57.49","57.49","-14.7","-14.7","-12.06","-12.06","303.64","303.64","2.33","2.33","41.97559665","-87.65386596902835","POINT (-87.65386596902835 41.97559665)","DXHCB5919_2026-01-27T03_05"
"DDHVZ6546","2026-02-10T15:31:19.000","Near West Side 5",,,,,,,,,,,,,,,,,,,"15.05","22.58","58.41","29.25","47.28","47.28",,,"61.53","61.53",,,"6.78","6.78",,,,,"41.86559955","-87.65178513039949","POINT (-87.65178513039949 41.86559955)","DDHVZ6546_2026-02-10T15_31"
"DTVYY1142","2026-02-10T14:22:29.000","Lower West Side 3",,,,,,,,,,,,,,,,,,,"28.36","29.66","56.47","27.51","45.14","45.14",,,"68.11","68.11",,,"5.45","5.45",,,,,"41.85322215","-87.65232092746314","POINT (-87.65232092746314 41.85322215)","DTVYY1142_2026-02-10T14_22"
"DIIPF3878","2026-02-10T21:23:14.000","Edgewater 2",,,,,,,,,,,,,,,,,,,"17.96","18.4","40.08","21.67","35.86","35.86",,,"54.51","54.51",,,"8.41","8.41",,,,,"41.9859255","-87.65593","POINT (-87.65593 41.9859255)","DIIPF3878_2026-02-10T21_23"
"DEQFM3089","2026-01-27T09:20:51.000","Mayfair Collocation 3",,,,,,,,,,,,,,,,,,,,,"35.17","14.48","19.21","19.21",,,"68.23","68.23",,,"-10.75","-10.75",,,,,"41.964742","-87.749434","POINT (-87.749434 41.964742)","DEQFM3089_2026-01-27T09_20"
"DHCXV0760","2026-01-27T14:56:56.000","West Garfield Park 1",,,,,,,,,,,,,,,,,,,,,"13.88","8.0","7.98","7.98",,,"61.0","61.0",,,"-8.91","-8.91",,,,,"41.87835895","-87.73628820535262","POINT (-87.73628820535262 41.87835895)","DHCXV0760_2026-01-27T14_56"
"DLJWW1620","2026-02-10T15:36:44.000","Englewood 2",,,,,,,,,,,,,,,,,,,"14.69","26.22","50.24","27.38","48.13","48.13",,,"59.45","59.45",,,"7.09","7.09",,,,,"41.78957595","-87.63489407489742","POINT (-87.63489407489742 41.78957595)","DLJWW1620_2026-02-10T15_36"
"DXIGM4223","2026-01-27T04:23:01.000","Ashburn 6",,,,,,,,,,,,,,,,,,,,,"26.02","16.24","13.43","13.43",,,"67.19","67.19",,,"-13.68","-13.68",,,,,"41.73950785","-87.7038867676452","POINT (-87.7038867676452 41.73950785)","DXIGM4223_2026-01-27T04_23"
"DPWHE0976","2026-02-10T21:42:17.000","Fuller Park 1",,,,,,,,,,,,,,,,,,,"13.16","16.08","33.97","18.59","25.86","25.86",,,"53.74","53.74",,,"9.41","9.41",,,,,"41.81472425","-87.63492704556565","POINT (-87.63492704556565 41.81472425)","DPWHE0976_2026-02-10T21_42"
"DYWWS0378","2026-01-26T15:25:12.000","Uptown 4",,,,,,,,,,,,,,,,,,,,,"5.3","7.0","5.35","5.35",,,"59.38","59.38",,,"-14.92","-14.92",,,,,"41.96225355","-87.67205436320755","POINT (-87.67205436320755 41.96225355)","DYWWS0378_2026-01-26T15_25"
"DIXEX6164","2026-01-27T10:53:44.000","Calumet Heights 1",,,,,,,,,,,,,,,,,,,,,"36.92","15.05","18.11","18.11",,,"69.77","69.77",,,"-9.62","-9.62",,,,,"41.72612465","-87.58623674140375","POINT (-87.58623674140375 41.72612465)","DIXEX6164_2026-01-27T10_53"
"DFDVG9143","2026-02-10T20:48:16.000","Pullman 3",,,,,,,,,,,,,,,,,,,"8.26","15.93","38.59","21.96","29.27","29.27",,,"48.65","48.65",,,"11.92","11.92",,,,,"41.70084025","-87.60406122014103","POINT (-87.60406122014103 41.70084025)","DFDVG9143_2026-02-10T20_48"
"DBDBP2246","2026-01-26T22:00:55.000","Greater Grand Crossing 4",,,,,,,,,,,,,,,,,,,,,"38.09","17.99","17.56","17.56",,,"53.53","53.53",,,"-11.94","-11.94",,,,,"41.751726399999995","-87.60303067276175","POINT (-87.60303067276175 41.751726399999995)","DBDBP2246_2026-01-26T22_00"
"DXXAJ4778","2026-01-26T23:37:10.000","West Lawn 3",,,,,,,,,,,,,,,,,,,,,"20.35","9.77","10.22","10.22",,,"62.73","62.73",,,"-13.66","-13.66",,,,,"41.7648253","-87.72039625875594","POINT (-87.72039625875594 41.7648253)","DXXAJ4778_2026-01-26T23_37"
"DUXLQ7589","2026-01-27T11:44:51.000","Albany Park 1",,,,,,,,,,,,,,,,,,,,,"24.31","13.53","13.7","13.7",,,"72.4","72.4",,,"-9.91","-9.91",,,,,"41.9752872","-87.72557704250946","POINT (-87.72557704250946 41.9752872)","DUXLQ7589_2026-01-27T11_44"
"DYLLV9237","2026-01-27T12:49:56.000","Portage Park 5",,,,,,,,,,,,,,,,,,,,,"21.55","14.95","14.01","14.01",,,"69.97","69.97",,,"-9.11","-9.11",,,,,"41.94900945","-87.76278188336448","POINT (-87.76278188336448 41.94900945)","DYLLV9237_2026-01-27T12_49"
"DYSHC8669","2026-02-10T20:52:40.000","Chicago Lawn 2",,,,,,,,,,,,,,,,,,,"10.71","21.79","23.96","15.32","23.86","23.86",,,"48.52","48.52",,,"12.27","12.27",,,,,"41.7772231","-87.6867966971337","POINT (-87.6867966971337 41.7772231)","DYSHC8669_2026-02-10T20_52"
"DVYCN4987","2026-01-27T05:25:48.000","Mayfair Collocation 2",,,,,,,,,,,,,,,,,,,,,"32.13","18.46","19.53","19.53",,,"64.43","64.43",,,"-11.97","-11.97",,,,,"41.964742","-87.749434","POINT (-87.749434 41.964742)","DVYCN4987_2026-01-27T05_25"
"DYLLV9237","2026-02-10T14:35:40.000","Portage Park 5",,,,,,,,,,,,,,,,,,,"26.93","29.18","56.33","29.82","43.54","43.54",,,"68.11","68.11",,,"4.99","4.99",,,,,"41.94900945","-87.76278188336448","POINT (-87.76278188336448 41.94900945)","DYLLV9237_2026-02-10T14_35"
"DQVGW1846","2026-02-10T20:20:52.000","South Lawndale 3",,,,,,,,,,,,,,,,,,,"5.43","13.75","31.3","17.1","25.28","25.28",,,"50.01","50.01",,,"11.3","11.3",,,,,"41.8403843","-87.71981834946608","POINT (-87.71981834946608 41.8403843)","DQVGW1846_2026-02-10T20_20"
"DFNBI6922","2026-01-26T13:40:10.000","Mount Greenwood 2",,,,,,,,,,,,,,,,,,,,,"14.12","8.05","7.99","7.99",,,"68.45","68.45",,,"-16.86","-16.86",,,,,"41.69236885","-87.71085274557561","POINT (-87.71085274557561 41.69236885)","DFNBI6922_2026-01-26T13_40"
"DRJGY6541","2026-02-10T20:01:40.000","West Elsdon 1",,,,,,,,,,,,,,,,,,,"9.51","11.44","26.19","16.66","27.87","27.87",,,"51.02","51.02",,,"11.46","11.46",,,,,"41.7903099","-87.73683774404154","POINT (-87.73683774404154 41.7903099)","DRJGY6541_2026-02-10T20_01"
"DTYDP5264","2026-01-27T12:51:13.000","Norwood Park 1",,,,,,,,,,,,,,,,,,,,,"19.19","10.58","11.01","11.01",,,"69.5","69.5",,,"-9.36","-9.36",,,,,"41.9884148","-87.81462388174296","POINT (-87.81462388174296 41.9884148)","DTYDP5264_2026-01-27T12_51"
"DCRJT8545","2026-01-27T12:41:08.000","Greater Grand Crossing 6",,,,,,,,,,,,,,,,,,,,,"60.8","24.32","47.33","47.33",,,"72.79","72.79",,,"-9.46","-9.46",,,,,"41.75146495","-87.63629560000001","POINT (-87.63629560000001 41.75146495)","DCRJT8545_2026-01-27T12_41"
"DMARJ5120","2026-01-27T05:56:36.000","Hyde Park 1",,,,,,,,,,,,,,,,,,,,,"21.54","11.03","12.93","12.93",,,"64.46","64.46",,,"-12.23","-12.23",,,,,"41.79964665","-87.60179992085315","POINT (-87.60179992085315 41.79964665)","DMARJ5120_2026-01-27T05_56"
"DDHVZ6546","2026-01-26T16:51:13.000","Near West Side 5",,,,,,,,,,,,,,,,,,,,,"17.21","11.18","7.91","7.91",,,"52.29","52.29",,,"-14.05","-14.05",,,,,"41.86559955","-87.65178513039949","POINT (-87.65178513039949 41.86559955)","DDHVZ6546_2026-01-26T16_51"
"DACZY2913","2026-01-27T04:22:16.000","Rogers Park 2",,,,,,,,,,,,,,,,,,,,,"31.36","16.59","18.05","18.05",,,"67.36","67.36",,,"-12.18","-12.18",,,,,"42.0027981","-87.67195804163265","POINT (-87.67195804163265 42.0027981)","DACZY2913_2026-01-27T04_22"
"DVNGV1890","2026-01-27T02:32:22.000","Roseland 2",,,,,,,,,,,,,,,,,,,,,"23.2","18.43","15.87","15.87",,,"70.05","70.05",,,"-14.95","-14.95",,,,,"41.71389143635448","-87.61998237196052","POINT (-87.61998237196052 41.71389143635448)","DVNGV1890_2026-01-27T02_32"
"DCRJT8545","2026-01-26T23:00:31.000","Greater Grand Crossing 6",,,,,,,,,,,,,,,,,,,,,"45.95","25.48","43.86","43.86",,,"56.33","56.33",,,"-12.75","-12.75",,,,,"41.75146495","-87.63629560000001","POINT (-87.63629560000001 41.75146495)","DCRJT8545_2026-01-26T23_00"
"DMARJ5120","2026-01-27T04:31:20.000","Hyde Park 1",,,,,,,,,,,,,,,,,,,,,"29.5","13.53","16.77","16.77",,,"66.35","66.35",,,"-13.4","-13.4",,,,,"41.79964665","-87.60179992085315","POINT (-87.60179992085315 41.79964665)","DMARJ5120_2026-01-27T04_31"
"DCRJT8545","2026-01-26T13:19:03.000","Greater Grand Crossing 6",,,,,,,,,,,,,,,,,,,,,"18.15","11.26","9.41","9.41",,,"63.81","63.81",,,"-16.12","-16.12",,,,,"41.75146495","-87.63629560000001","POINT (-87.63629560000001 41.75146495)","DCRJT8545_2026-01-26T13_19"
"DFAQM2360","2026-01-27T00:02:33.000","Englewood 1",,,,,,,,,,,,,,,,,,,,,"20.77","13.42","14.82","14.82",,,"60.49","60.49",,,"-13.67","-13.67",,,,,"41.78968585","-87.65259587249278","POINT (-87.65259587249278 41.78968585)","DFAQM2360_2026-01-27T00_02"
"DMIYV7889","2026-01-27T02:31:18.000","O'Hare 2",,,,,,,,,,,,,,,,,,,,,"13.38","7.85","7.28","7.28",,,"63.88","63.88",,,"-14.13","-14.13",,,,,"41.96313028153143","-87.85304850279294","POINT (-87.85304850279294 41.96313028153143)","DMIYV7889_2026-01-27T02_31"
"DBYCW6873","2026-01-27T07:45:39.000","Norwood Park 4",,,,,,,,,,,,,,,,,,,,,"30.69","14.64","14.87","14.87",,,"65.51","65.51",,,"-11.42","-11.42",,,,,"41.97643085","-87.79850802324188","POINT (-87.79850802324188 41.97643085)","DBYCW6873_2026-01-27T07_45"
"DWGYM0810","2026-02-10T20:10:01.000","Avalon Park 1",,,,,,,,,,,,,,,,,,,"5.4","12.38","47.17","34.51","77.85","77.85",,,"53.56","53.56",,,"9.96","9.96",,,,,"41.7505205","-87.58579258993602","POINT (-87.58579258993602 41.7505205)","DWGYM0810_2026-02-10T20_10"
"DJJVG1917","2026-01-27T01:12:39.000","Edgewater 1",,,,,,,,,,,,,,,,,,,,,"5.73","7.14","4.54","4.54",,,"58.65","58.65",,,"-13.94","-13.94",,,,,"41.989302800000004","-87.6722930982605","POINT (-87.6722930982605 41.989302800000004)","DJJVG1917_2026-01-27T01_12"
"DAETQ5676","2026-01-26T18:02:44.000","Montclare 2",,,,,,,,,,,,,,,,,,,,,"21.27","12.29","9.99","9.99",,,"52.18","52.18",,,"-13.43","-13.43",,,,,"41.922180350000005","-87.7986427254597","POINT (-87.7986427254597 41.922180350000005)","DAETQ5676_2026-01-26T18_02"
"DALBP5360","2026-01-27T04:15:10.000","Beverly 4",,,,,,,,,,,,,,,,,,,,,"26.86","11.96","14.22","14.22",,,"69.36","69.36",,,"-14.32","-14.32",,,,,"41.70569725","-87.67464569624644","POINT (-87.67464569624644 41.70569725)","DALBP5360_2026-01-27T04_15"
"DSHYP2656","2026-01-27T02:12:48.000","Auburn Gresham 2",,,,,,,,,,,,,,,,,,,,,"30.92","14.73","16.33","16.33",,,"67.02","67.02",,,"-14.57","-14.57",,,,,"41.75200485","-87.65331955036021","POINT (-87.65331955036021 41.75200485)","DSHYP2656_2026-01-27T02_12"
"DATLR2184","2026-01-27T11:52:45.000","Brighton Park 1",,,,,,,,,,,,,,,,,,,,,"31.64","16.52","17.39","17.39",,,"71.59","71.59",,,"-9.42","-9.42",,,,,"41.82784155","-87.70286514736534","POINT (-87.70286514736534 41.82784155)","DATLR2184_2026-01-27T11_52"
"DTFVD6048","2026-01-27T04:46:55.000","Riverdale 1",,,,,,,,,,,,,,,,,,,,,"22.06","12.81","11.27","11.27",,,"68.55","68.55",,,"-13.9","-13.9",,,,,"41.67589005","-87.60362888146102","POINT (-87.60362888146102 41.67589005)","DTFVD6048_2026-01-27T04_46"
"DTFVD6048","2026-01-26T23:54:18.000","Riverdale 1",,,,,,,,,,,,,,,,,,,,,"7.15","6.88","5.65","5.65",,,"60.67","60.67",,,"-14.75","-14.75",,,,,"41.67589005","-87.60362888146102","POINT (-87.60362888146102 41.67589005)","DTFVD6048_2026-01-26T23_54"
"DMSGP0807","2026-01-26T17:50:42.000","Norwood Park 6",,,,,,,,,,,,,,,,,,,,,"10.42","9.16","6.76","6.76",,,"50.1","50.1",,,"-13.06","-13.06",,,,,"41.97668455","-87.83490487434239","POINT (-87.83490487434239 41.97668455)","DMSGP0807_2026-01-26T17_50"
"DTCRA7818","2026-01-26T22:38:50.000","West Lawn 1",,,,,,,,,,,,,,,,,,,,,"20.31","15.54","11.76","11.76",,,"57.54","57.54",,,"-12.79","-12.79",,,,,"41.7772479","-87.73660460279069","POINT (-87.73660460279069 41.7772479)","DTCRA7818_2026-01-26T22_38"
"DMYYS7663","2026-01-27T10:05:09.000","Englewood 6",,,,,,,,,,,,,,,,,,,,,"31.77","15.5","17.2","17.2",,,"68.89","68.89",,,"-10.26","-10.26",,,,,"41.777062099999995","-87.652929447617","POINT (-87.652929447617 41.777062099999995)","DMYYS7663_2026-01-27T10_05"
"DJCYU2364","2026-01-27T07:44:23.000","Douglas 2",,,,,,,,,,,,,,,,,,,,,"26.62","14.85","18.34","18.34",,,"65.14","65.14",,,"-11.15","-11.15",,,,,"41.82725075","-87.61890358618274","POINT (-87.61890358618274 41.82725075)","DJCYU2364_2026-01-27T07_44"
"DFEAJ0038","2026-01-27T05:54:01.000","Hegewisch 2",,,,,,,,,,,,,,,,,,,,,"32.46","15.02","16.94","16.94",,,"66.33","66.33",,,"-12.65","-12.65",,,,,"41.6642805","-87.5373633","POINT (-87.5373633 41.6642805)","DFEAJ0038_2026-01-27T05_54"
"DJJVG1917","2026-01-27T14:36:50.000","Edgewater 1",,,,,,,,,,,,,,,,,,,,,"14.46","10.95","9.39","9.39",,,"61.57","61.57",,,"-8.97","-8.97",,,,,"41.989302800000004","-87.6722930982605","POINT (-87.6722930982605 41.989302800000004)","DJJVG1917_2026-01-27T14_36"
"DUUZN2841","2026-01-26T22:18:17.000","Logan Square 3",,,,,,,,,,,,,,,,,,,,,"9.73","8.99","8.75","8.75",,,"55.02","55.02",,,"-11.01","-11.01",,,,,"41.9218112","-87.6906365784621","POINT (-87.6906365784621 41.9218112)","DUUZN2841_2026-01-26T22_18"
"DVRBW4874","2026-02-10T06:11:27.000","Logan Square 1",,,,,,,,,,,,,,,,,,,"17.77","16.42","34.31","16.46","22.94","22.94",,,"66.41","66.41",,,"3.06","3.06",,,,,"41.92963275","-87.71893702781998","POINT (-87.71893702781998 41.92963275)","DVRBW4874_2026-02-10T06_11"
"DNEXF4696","2026-02-10T04:40:12.000","North Lawndale 4",,,,,,,,,,,,,,,,,,,"23.82","28.72","39.97","20.12","28.68","28.68",,,"66.36","66.36",,,"2.75","2.75",,,,,"41.853402849999995","-87.71913459999999","POINT (-87.71913459999999 41.853402849999995)","DNEXF4696_2026-02-10T04_40"
"DIVZD0266","2026-01-27T07:43:15.000","Archer Heights 1",,,,,,,,,,,,,,,,,,,,,"33.88","19.44","18.11","18.11",,,"65.11","65.11",,,"-11.42","-11.42",,,,,"41.815591850000004","-87.73627709500252","POINT (-87.73627709500252 41.815591850000004)","DIVZD0266_2026-01-27T07_43"
"DIHMX0551","2026-01-26T15:20:59.000","Humboldt Park 3",,,,,,,,,,,,,,,,,,,,,"8.73","10.04","5.94","5.94",,,"56.71","56.71",,,"-14.53","-14.53",,,,,"41.891075","-87.70279956945122","POINT (-87.70279956945122 41.891075)","DIHMX0551_2026-01-26T15_20"
"DTKNM4892","2026-02-10T20:34:01.000","Beverly 3",,,,,,,,,,,,,,,,,,,"4.92","12.64","19.27","14.9","21.94","21.94",,,"45.52","45.52",,,"12.67","12.67",,,,,"41.705905900000005","-87.65691952734281","POINT (-87.65691952734281 41.705905900000005)","DTKNM4892_2026-02-10T20_34"
"DPNPJ6846","2026-01-27T14:01:55.000","New City 2",,,,,,,,,,,,,,,,,,,,,"26.65","14.25","13.88","13.88",,,"64.78","64.78",,,"-8.48","-8.48",,,,,"41.81485945","-87.65156300549928","POINT (-87.65156300549928 41.81485945)","DPNPJ6846_2026-01-27T14_01"
"DGEPF8361","2026-01-27T02:59:09.000","Washington HS Collocation 3",,,,,,,,,,,,,,,,,,,,,"84.76","33.77","44.33","44.33",,,"67.91","67.91",,,"-14.12","-14.12",,,,,"41.687495","-87.538083","POINT (-87.538083 41.687495)","DGEPF8361_2026-01-27T02_59"
"DLDVK7370","2026-01-26T23:13:12.000","South Chicago 2",,,,,,,,,,,,,,,,,,,,,"20.53","11.44","10.58","10.58",,,"61.71","61.71",,,"-13.0","-13.0",,,,,"41.75137435","-87.55253841882741","POINT (-87.55253841882741 41.75137435)","DLDVK7370_2026-01-26T23_13"
"DWMUZ3935","2026-01-27T14:02:40.000","Lincoln Square 2",,,,,,,,,,,,,,,,,,,,,"11.5","8.39","8.29","8.29",,,"64.79","64.79",,,"-8.82","-8.82",,,,,"41.962318350000004","-87.69021417611607","POINT (-87.69021417611607 41.962318350000004)","DWMUZ3935_2026-01-27T14_02"
"DUGYZ8163","2026-01-27T11:34:09.000","Ashburn 4",,,,,,,,,,,,,,,,,,,,,"32.1","13.59","14.55","14.55",,,"71.02","71.02",,,"-10.13","-10.13",,,,,"41.7524136","-87.68538850711178","POINT (-87.68538850711178 41.7524136)","DUGYZ8163_2026-01-27T11_34"
"DXHCB5919","2026-01-26T22:05:21.000","Uptown 2","1001.0","1001.0",,,,,,,,,,,,,,,,,,,"17.46","11.87","11.32","11.32","52.0","52.0","42.14","42.14","-11.2","-11.2","-8.71","-8.71","268.32","268.32","1.69","1.69","41.97559665","-87.65386596902835","POINT (-87.65386596902835 41.97559665)","DXHCB5919_2026-01-26T22_05"
"DSKEW3707","2026-01-26T21:12:37.000","Washington Heights 2",,,,,,,,,,,,,,,,,,,,,"18.48","15.41","12.61","12.61",,,"55.46","55.46",,,"-11.59","-11.59",,,,,"41.72629795","-87.6365666647541","POINT (-87.6365666647541 41.72629795)","DSKEW3707_2026-01-26T21_12"
"DMLBL6950","2026-01-27T03:21:06.000","West Lawn 2",,,,,,,,,,,,,,,,,,,,,"20.73","14.18","13.08","13.08",,,"68.42","68.42",,,"-14.05","-14.05",,,,,"41.777474531589306","-87.72038498734025","POINT (-87.72038498734025 41.777474531589306)","DMLBL6950_2026-01-27T03_21"
"DLUKV4510","2026-02-10T21:45:14.000","Calumet Heights 3",,,,,,,,,,,,,,,,,,,"12.66","14.14","42.41","19.47","29.87","29.87",,,"62.89","62.89",,,"6.61","6.61",,,,,"41.72602304045317","-87.55256172786454","POINT (-87.55256172786454 41.72602304045317)","DLUKV4510_2026-02-10T21_45"
"DAWUS6556","2026-01-27T10:56:26.000","Ashburn 5",,,,,,,,,,,,,,,,,,,,,"32.5","13.22","15.69","15.69",,,"69.51","69.51",,,"-9.9","-9.9",,,,,"41.735451850000004","-87.68498598766976","POINT (-87.68498598766976 41.735451850000004)","DAWUS6556_2026-01-27T10_56"
"DCABM0358","2026-01-27T12:46:40.000","South Lawndale 6",,,,,,,,,,,,,,,,,,,,,"20.2","11.4","10.42","10.42",,,"71.86","71.86",,,"-9.55","-9.55",,,,,"41.840363100000005","-87.73770467096696","POINT (-87.73770467096696 41.840363100000005)","DCABM0358_2026-01-27T12_46"
"DKISS7174","2026-01-26T16:00:06.000","West Elsdon 2",,,,,,,,,,,,,,,,,,,,,"8.35","8.9","5.58","5.58",,,"60.5","60.5",,,"-15.12","-15.12",,,,,"41.7898683","-87.72002286796209","POINT (-87.72002286796209 41.7898683)","DKISS7174_2026-01-26T16_00"
"DUIZW8642","2026-01-27T04:00:31.000","Norwood Park 5",,,,,,,,,,,,,,,,,,,,,"35.64","14.51","18.0","18.0",,,"67.41","67.41",,,"-13.16","-13.16",,,,,"41.9764404","-87.81663050626611","POINT (-87.81663050626611 41.9764404)","DUIZW8642_2026-01-27T04_00"
"DWGYM0810","2026-02-10T15:16:54.000","Avalon Park 1",,,,,,,,,,,,,,,,,,,"13.98","17.32","59.65","35.13","78.81","78.81",,,"65.49","65.49",,,"6.31","6.31",,,,,"41.7505205","-87.58579258993602","POINT (-87.58579258993602 41.7505205)","DWGYM0810_2026-02-10T15_16"
"DMKJB8675","2026-01-26T13:08:14.000","Avalon Park 3",,,,,,,,,,,,,,,,,,,,,"15.35","9.6","7.28","7.28",,,"65.57","65.57",,,"-16.15","-16.15",,,,,"41.73896995","-87.58611561643349","POINT (-87.58611561643349 41.73896995)","DMKJB8675_2026-01-26T13_08"
"DFESS1920","2026-02-10T14:04:25.000","Chicago Lawn 4",,,,,,,,,,,,,,,,,,,"33.71","34.63","52.81","20.01","38.1","38.1",,,"73.66","73.66",,,"3.84","3.84",,,,,"41.76416395","-87.70346221669887","POINT (-87.70346221669887 41.76416395)","DFESS1920_2026-02-10T14_04"
"DZUWB2477","2026-02-10T21:45:45.000","North Lawndale 1",,,,,,,,,,,,,,,,,,,"14.08","19.19","42.45","23.49","32.4","32.4",,,"53.91","53.91",,,"9.13","9.13",,,,,"41.86579905000001","-87.73621350560661","POINT (-87.73621350560661 41.86579905000001)","DZUWB2477_2026-02-10T21_45"
"DQAJZ3770","2026-01-27T03:03:50.000","Logan Square 2",,,,,,,,,,,,,,,,,,,,,"25.0","16.04","14.15","14.15",,,"68.23","68.23",,,"-13.79","-13.79",,,,,"41.92201145","-87.67250156057692","POINT (-87.67250156057692 41.92201145)","DQAJZ3770_2026-01-27T03_03"
"DICQL6656","2026-02-10T05:48:27.000","Albany Park 3",,,,,,,,,,,,,,,,,,,"8.23","12.48","35.35","17.83","25.21","25.21",,,"66.14","66.14",,,"3.17","3.17",,,,,"41.96248775","-87.72638198461931","POINT (-87.72638198461931 41.96248775)","DICQL6656_2026-02-10T05_48"
"DKIJX6114","2026-01-27T03:25:22.000","Lincoln Square 1",,,,,,,,,,,,,,,,,,,,,"12.04","7.77","6.86","6.86",,,"65.15","65.15",,,"-13.15","-13.15",,,,,"41.975673400000005","-87.69009047047274","POINT (-87.69009047047274 41.975673400000005)","DKIJX6114_2026-01-27T03_25"
"DWMLU4849","2026-01-27T06:19:36.000","Portage Park 4",,,,,,,,,,,,,,,,,,,,,"29.5","17.25","18.23","18.23",,,"64.48","64.48",,,"-11.71","-11.71",,,,,"41.94171985","-87.75242624360101","POINT (-87.75242624360101 41.94171985)","DWMLU4849_2026-01-27T06_19"
"DIIPF3878","2026-01-26T12:58:14.000","Edgewater 2",,,,,,,,,,,,,,,,,,,,,"9.62","7.37","7.11","7.11",,,"65.03","65.03",,,"-15.64","-15.64",,,,,"41.9859255","-87.65593","POINT (-87.65593 41.9859255)","DIIPF3878_2026-01-26T12_58"
"DTQTJ0507","2026-02-10T04:06:19.000","Douglas 1",,,,,,,,,,,,,,,,,,,"19.75","17.36","31.97","15.42","21.82","21.82",,,"63.94","63.94",,,"2.6","2.6",,,,,"41.8404121","-87.61910230081149","POINT (-87.61910230081149 41.8404121)","DTQTJ0507_2026-02-10T04_06"
"DITUY8368","2026-01-27T05:16:00.000","West Ridge 5",,,,,,,,,,,,,,,,,,,,,"53.12","20.97","28.3","28.3",,,"65.34","65.34",,,"-11.88","-11.88",,,,,"41.989107849999996","-87.7079485114359","POINT (-87.7079485114359 41.989107849999996)","DITUY8368_2026-01-27T05_16"
"DQJDZ1252","2026-01-27T01:38:03.000","West Pullman 1",,,,,,,,,,,,,,,,,,,,,"23.69","12.08","11.8","11.8",,,"66.65","66.65",,,"-14.79","-14.79",,,,,"41.67590428555132","-87.6540277876164","POINT (-87.6540277876164 41.67590428555132)","DQJDZ1252_2026-01-27T01_38"
"DKUAZ4434","2026-01-27T03:12:55.000","West Ridge 1",,,,,,,,,,,,,,,,,,,,,"40.38","16.74","20.08","20.08",,,"66.4","66.4",,,"-13.18","-13.18",,,,,"42.01665715","-87.7077947","POINT (-87.7077947 42.01665715)","DKUAZ4434_2026-01-27T03_12"
"DAREG6245","2026-01-27T04:29:52.000","Lake View 5",,,,,,,,,,,,,,,,,,,,,"46.21","23.84","25.21","25.21",,,"66.61","66.61",,,"-12.55","-12.55",,,,,"41.93525075","-87.6725314","POINT (-87.6725314 41.93525075)","DAREG6245_2026-01-27T04_29"
"DGAID0757","2026-02-10T06:55:32.000","Belmont Cragin 4",,,,,,,,,,,,,,,,,,,"9.88","12.69","32.13","14.58","21.17","21.17",,,"67.09","67.09",,,"2.94","2.94",,,,,"41.91617695","-87.75264006953043","POINT (-87.75264006953043 41.91617695)","DGAID0757_2026-02-10T06_55"
"DPNPJ6846","2026-02-10T04:22:31.000","New City 2",,,,,,,,,,,,,,,,,,,"13.16","16.58","35.37","18.68","25.87","25.87",,,"64.29","64.29",,,"2.89","2.89",,,,,"41.81485945","-87.65156300549928","POINT (-87.65156300549928 41.81485945)","DPNPJ6846_2026-02-10T04_22"
"DKIJX6114","2026-02-11T00:03:41.000","Lincoln Square 1",,,,,,,,,,,,,,,,,,,"20.41","16.98","33.82","17.07","25.62","25.62",,,"63.63","63.63",,,"4.81","4.81",,,,,"41.975673400000005","-87.69009047047274","POINT (-87.69009047047274 41.975673400000005)","DKIJX6114_2026-02-11T00_03"
"DAREG6245","2026-01-26T20:50:52.000","Lake View 5",,,,,,,,,,,,,,,,,,,,,"22.38","14.62","12.37","12.37",,,"51.33","51.33",,,"-11.35","-11.35",,,,,"41.93525075","-87.6725314","POINT (-87.6725314 41.93525075)","DAREG6245_2026-01-26T20_50"
"DWFRI5691","2026-01-26T23:52:16.000","Humboldt Park 1",,,,,,,,,,,,,,,,,,,,,"18.77","10.28","9.57","9.57",,,"59.67","59.67",,,"-13.45","-13.45",,,,,"41.9036584","-87.73599568710452","POINT (-87.73599568710452 41.9036584)","DWFRI5691_2026-01-26T23_52"
"DACZY2913","2026-02-10T20:05:10.000","Rogers Park 2",,,,,,,,,,,,,,,,,,,"9.25","11.16","24.19","15.11","23.72","23.72",,,"54.22","54.22",,,"9.47","9.47",,,,,"42.0027981","-87.67195804163265","POINT (-87.67195804163265 42.0027981)","DACZY2913_2026-02-10T20_05"
"DMYFE2499","2026-02-10T23:55:15.000","North Lawndale 3",,,,,,,,,,,,,,,,,,,"22.58","17.84","53.2","25.01","37.84","37.84",,,"63.72","63.72",,,"5.21","5.21",,,,,"41.86563285","-87.70345920195152","POINT (-87.70345920195152 41.86563285)","DMYFE2499_2026-02-10T23_55"
"DBJPV1452","2026-01-27T03:37:22.000","Irving Park 2",,,,,,,,,,,,,,,,,,,,,"36.41","18.95","18.03","18.03",,,"66.14","66.14",,,"-12.71","-12.71",,,,,"41.94881145","-87.70812985315226","POINT (-87.70812985315226 41.94881145)","DBJPV1452_2026-01-27T03_37"
"DFQDK6326","2026-01-26T23:09:30.000","Beverly 1",,,,,,,,,,,,,,,,,,,,,"23.47","16.87","18.09","18.09",,,"58.61","58.61",,,"-13.42","-13.42",,,,,"41.732839299999995","-87.67465490628803","POINT (-87.67465490628803 41.732839299999995)","DFQDK6326_2026-01-26T23_09"
"DJGDZ3688","2026-01-27T03:40:07.000","Roseland 3",,,,,,,,,,,,,,,,,,,,,"37.33","19.22","20.88","20.88",,,"69.67","69.67",,,"-14.5","-14.5",,,,,"41.70133845","-87.61992013972267","POINT (-87.61992013972267 41.70133845)","DJGDZ3688_2026-01-27T03_40"
"DTCRA7818","2026-02-10T21:10:22.000","West Lawn 1",,,,,,,,,,,,,,,,,,,"9.21","19.67","26.0","17.35","23.05","23.05",,,"52.2","52.2",,,"10.43","10.43",,,,,"41.7772479","-87.73660460279069","POINT (-87.73660460279069 41.7772479)","DTCRA7818_2026-02-10T21_10"
"DEYGE9157","2026-01-26T18:54:45.000","South Deering 10",,,,,,,,,,,,,,,,,,,,,"4.85","5.89","3.65","3.65",,,"52.6","52.6",,,"-9.72","-9.72",,,,,"41.7014031","-87.5703907","POINT (-87.5703907 41.7014031)","DEYGE9157_2026-01-26T18_54"
"DSKDX3738","2026-01-26T22:07:00.000","Armour Square 3",,,,,,,,,,,,,,,,,,,,,"30.93","16.38","15.76","15.76",,,"56.75","56.75",,,"-11.81","-11.81",,,,,"41.828308899999996","-87.63464506377693","POINT (-87.63464506377693 41.828308899999996)","DSKDX3738_2026-01-26T22_07"
"DQZEA3135","2026-01-26T20:44:55.000","South Deering 8",,,,,,,,,,,,,,,,,,,,,"24.73","13.6","14.48","14.48",,,"52.84","52.84",,,"-12.01","-12.01",,,,,"41.68798065","-87.58826181539257","POINT (-87.58826181539257 41.68798065)","DQZEA3135_2026-01-26T20_44"
"DLDVK7370","2026-01-26T13:15:17.000","South Chicago 2",,,,,,,,,,,,,,,,,,,,,"24.36","11.74","10.65","10.65",,,"65.81","65.81",,,"-15.92","-15.92",,,,,"41.75137435","-87.55253841882741","POINT (-87.55253841882741 41.75137435)","DLDVK7370_2026-01-26T13_15"
"DBDSX9338","2026-01-26T22:37:42.000","South Shore 2",,,,,,,,,,,,,,,,,,,,,"26.77","16.88","15.69","15.69",,,"55.33","55.33",,,"-12.88","-12.88",,,,,"41.76396055","-87.56920031233949","POINT (-87.56920031233949 41.76396055)","DBDSX9338_2026-01-26T22_37"
"DGGGM0466","2026-01-27T01:58:39.000","Bridgeport 1",,,,,,,,,,,,,,,,,,,,,"10.92","7.37","5.95","5.95",,,"62.89","62.89",,,"-13.86","-13.86",,,,,"41.840132100000005","-87.65224955235848","POINT (-87.65224955235848 41.840132100000005)","DGGGM0466_2026-01-27T01_58"
"DIWKR9442","2026-01-26T12:50:56.000","West Lawn 4",,,,,,,,,,,,,,,,,,,,,"25.54","15.06","14.08","14.08",,,"65.54","65.54",,,"-16.79","-16.79",,,,,"41.7626353","-87.73788222687776","POINT (-87.73788222687776 41.7626353)","DIWKR9442_2026-01-26T12_50"
"DTCRA7818","2026-01-26T15:40:05.000","West Lawn 1",,,,,,,,,,,,,,,,,,,,,"8.66","10.13","5.34","5.34",,,"59.26","59.26",,,"-14.7","-14.7",,,,,"41.7772479","-87.73660460279069","POINT (-87.73660460279069 41.7772479)","DTCRA7818_2026-01-26T15_40"
"DFEAJ0038","2026-01-27T10:28:45.000","Hegewisch 2",,,,,,,,,,,,,,,,,,,,,"46.95","21.81","31.83","31.83",,,"70.18","70.18",,,"-10.0","-10.0",,,,,"41.6642805","-87.5373633","POINT (-87.5373633 41.6642805)","DFEAJ0038_2026-01-27T10_28"
"DSHWY2305","2026-01-26T22:10:16.000","Irving Park 3",,,,,,,,,,,,,,,,,,,,,"14.81","9.72","8.55","8.55",,,"54.69","54.69",,,"-11.56","-11.56",,,,,"41.9490356","-87.72654561437082","POINT (-87.72654561437082 41.9490356)","DSHWY2305_2026-01-26T22_10"
"DDGHI0125","2026-02-10T06:35:32.000","Belmont Cragin 3",,,,,,,,,,,,,,,,,,,"18.74","16.68","32.22","18.15","25.22","25.22",,,"68.26","68.26",,,"3.07","3.07",,,,,"41.92893015","-87.75257875182068","POINT (-87.75257875182068 41.92893015)","DDGHI0125_2026-02-10T06_35"
"DLAIF4030","2026-02-10T15:25:42.000","Schiller Park Collocation 2",,,,,,,,,,,,,,,,,,,"20.13","24.78","59.14","30.92","44.01","44.01",,,"62.79","62.79",,,"5.88","5.88",,,,,"41.965175","-87.876252","POINT (-87.876252 41.965175)","DLAIF4030_2026-02-10T15_25"
"DXHCB5919","2026-01-27T02:02:48.000","Uptown 2","999.0","999.0",,,,,,,,,,,,,,,,,,,"14.23","9.82","9.17","9.17","62.1","62.1","51.65","51.65","-14.6","-14.6","-11.96","-11.96","301.7","301.7","2.37","2.37","41.97559665","-87.65386596902835","POINT (-87.65386596902835 41.97559665)","DXHCB5919_2026-01-27T02_02"
"DJKZD4256","2026-02-10T23:30:33.000","Morgan Park 3",,,,,,,,,,,,,,,,,,,"17.08","12.68","20.54","13.18","18.69","18.69",,,"58.28","58.28",,,"6.73","6.73",,,,,"41.67869235","-87.67466474951416","POINT (-87.67466474951416 41.67869235)","DJKZD4256_2026-02-10T23_30"
"DIIPF3878","2026-01-27T12:22:14.000","Edgewater 2",,,,,,,,,,,,,,,,,,,,,"23.76","11.69","13.54","13.54",,,"71.19","71.19",,,"-8.86","-8.86",,,,,"41.9859255","-87.65593","POINT (-87.65593 41.9859255)","DIIPF3878_2026-01-27T12_22"
"DXHCB5919","2026-01-27T00:55:44.000","Uptown 2","1000.0","1000.0",,,,,,,,,,,,,,,,,,,"6.77","6.85","5.22","5.22","58.0","58.0","48.62","48.62","-14.8","-14.8","-11.97","-11.97","305.47","305.47","1.07","1.07","41.97559665","-87.65386596902835","POINT (-87.65386596902835 41.97559665)","DXHCB5919_2026-01-27T00_55"
"DBZCJ6205","2026-01-26T12:22:40.000","Auburn Gresham 3",,,,,,,,,,,,,,,,,,,,,"15.27","13.38","8.61","8.61",,,"63.49","63.49",,,"-16.15","-16.15",,,,,"41.73924395","-87.63654310138114","POINT (-87.63654310138114 41.73924395)","DBZCJ6205_2026-01-26T12_22"
"DFAQM2360","2026-01-27T08:35:29.000","Englewood 1",,,,,,,,,,,,,,,,,,,,,"35.26","17.94","23.01","23.01",,,"66.55","66.55",,,"-11.06","-11.06",,,,,"41.78968585","-87.65259587249278","POINT (-87.65259587249278 41.78968585)","DFAQM2360_2026-01-27T08_35"
"DCQTB2627","2026-02-10T23:15:21.000","Jefferson Park 2",,,,,,,,,,,,,,,,,,,"10.1","9.03","40.78","22.84","32.54","32.54",,,"60.9","60.9",,,"5.66","5.66",,,,,"41.976053300000004","-87.76267965049084","POINT (-87.76267965049084 41.976053300000004)","DCQTB2627_2026-02-10T23_15"
"DFNBI6922","2026-01-26T22:51:19.000","Mount Greenwood 2",,,,,,,,,,,,,,,,,,,,,"16.92","10.4","9.82","9.82",,,"57.42","57.42",,,"-13.09","-13.09",,,,,"41.69236885","-87.71085274557561","POINT (-87.71085274557561 41.69236885)","DFNBI6922_2026-01-26T22_51"
"DMSGP0807","2026-01-26T18:26:07.000","Norwood Park 6",,,,,,,,,,,,,,,,,,,,,"9.54","9.59","7.5","7.5",,,"50.12","50.12",,,"-12.4","-12.4",,,,,"41.97668455","-87.83490487434239","POINT (-87.83490487434239 41.97668455)","DMSGP0807_2026-01-26T18_26"
"DFEAJ0038","2026-01-26T17:01:06.000","Hegewisch 2",,,,,,,,,,,,,,,,,,,,,"36.44","23.27","35.18","35.18",,,"53.38","53.38",,,"-13.35","-13.35",,,,,"41.6642805","-87.5373633","POINT (-87.5373633 41.6642805)","DFEAJ0038_2026-01-26T17_01"
"DNUKL3524","2026-01-26T23:50:17.000","West Town 3",,,,,,,,,,,,,,,,,,,,,"25.46","15.51","14.99","14.99",,,"59.6","59.6",,,"-13.03","-13.03",,,,,"41.89463405","-87.65461125155946","POINT (-87.65461125155946 41.89463405)","DNUKL3524_2026-01-26T23_50"
"DLJWW1620","2026-01-27T04:00:43.000","Englewood 2",,,,,,,,,,,,,,,,,,,,,"44.57","20.89","24.52","24.52",,,"66.92","66.92",,,"-13.76","-13.76",,,,,"41.78957595","-87.63489407489742","POINT (-87.63489407489742 41.78957595)","DLJWW1620_2026-01-27T04_00"
"DKTWP2892","2026-01-27T11:39:19.000","East Side 3",,,,,,,,,,,,,,,,,,,,,"19.77","9.88","8.41","8.41",,,"71.07","71.07",,,"-10.11","-10.11",,,,,"41.7006795","-87.53620860009178","POINT (-87.53620860009178 41.7006795)","DKTWP2892_2026-01-27T11_39"
"DFNBI6922","2026-01-27T10:55:22.000","Mount Greenwood 2",,,,,,,,,,,,,,,,,,,,,"20.47","9.2","10.77","10.77",,,"70.64","70.64",,,"-10.02","-10.02",,,,,"41.69236885","-87.71085274557561","POINT (-87.71085274557561 41.69236885)","DFNBI6922_2026-01-27T10_55"
"DIXUN6634","2026-01-27T14:23:56.000","Ashburn 3",,,,,,,,,,,,,,,,,,,,,"15.12","10.43","9.02","9.02",,,"63.18","63.18",,,"-8.76","-8.76",,,,,"41.7521062","-87.70393644313098","POINT (-87.70393644313098 41.7521062)","DIXUN6634_2026-01-27T14_23"
"DMMRS6981","2026-01-27T01:05:26.000","Forest Glen 1",,,,,,,,,,,,,,,,,,,,,"11.0","9.05","7.19","7.19",,,"55.97","55.97",,,"-14.05","-14.05",,,,,"42.00388875","-87.78008329520102","POINT (-87.78008329520102 42.00388875)","DMMRS6981_2026-01-27T01_05"
"DLZBV6061","2026-01-27T03:15:54.000","Auburn Gresham 4",,,,,,,,,,,,,,,,,,,,,"43.23","16.93","22.02","22.02",,,"70.75","70.75",,,"-14.64","-14.64",,,,,"41.7392967","-87.65309402456438","POINT (-87.65309402456438 41.7392967)","DLZBV6061_2026-01-27T03_15"
"DSZQR8376","2026-01-27T10:16:21.000","Hegewisch 1",,,,,,,,,,,,,,,,,,,,,"46.75","18.79","20.65","20.65",,,"69.84","69.84",,,"-9.92","-9.92",,,,,"41.675190108549614","-87.53588600367534","POINT (-87.53588600367534 41.675190108549614)","DSZQR8376_2026-01-27T10_16"
"DGGGM0466","2026-01-26T14:36:50.000","Bridgeport 1",,,,,,,,,,,,,,,,,,,,,"7.65","7.22","3.96","3.96",,,"63.02","63.02",,,"-15.49","-15.49",,,,,"41.840132100000005","-87.65224955235848","POINT (-87.65224955235848 41.840132100000005)","DGGGM0466_2026-01-26T14_36"
"DWMLU4849","2026-01-27T05:10:32.000","Portage Park 4",,,,,,,,,,,,,,,,,,,,,"34.42","19.15","20.47","20.47",,,"65.89","65.89",,,"-12.11","-12.11",,,,,"41.94171985","-87.75242624360101","POINT (-87.75242624360101 41.94171985)","DWMLU4849_2026-01-27T05_10"
"DIFPQ7419","2026-02-10T03:37:52.000","Avondale 2",,,,,,,,,,,,,,,,,,,"24.5","22.4","23.86","12.52","19.22","19.22",,,"62.02","62.02",,,"3.09","3.09",,,,,"41.93555175","-87.6910915509286","POINT (-87.6910915509286 41.93555175)","DIFPQ7419_2026-02-10T03_37"
"DAJHM7956","2026-01-27T04:28:06.000","South Chicago 3",,,,,,,,,,,,,,,,,,,,,"45.39","18.81","22.68","22.68",,,"67.66","67.66",,,"-13.77","-13.77",,,,,"41.73775017864213","-87.53549803584423","POINT (-87.53549803584423 41.73775017864213)","DAJHM7956_2026-01-27T04_28"
"DQJVA6225","2026-01-26T20:49:07.000","Jefferson Park 1",,,,,,,,,,,,,,,,,,,,,"21.08","13.95","13.53","13.53",,,"50.06","50.06",,,"-11.6","-11.6",,,,,"41.9889689","-87.76288502645104","POINT (-87.76288502645104 41.9889689)","DQJVA6225_2026-01-26T20_49"
"DAWAP1896","2026-01-27T03:08:49.000","Greater Grand Crossing 5",,,,,,,,,,,,,,,,,,,,,"34.17","15.19","18.0","18.0",,,"69.45","69.45",,,"-14.37","-14.37",,,,,"41.7516673","-87.61940269812234","POINT (-87.61940269812234 41.7516673)","DAWAP1896_2026-01-27T03_08"
"DIUZJ7853","2026-01-27T11:35:35.000","Garfield Ridge 2",,,,,,,,,,,,,,,,,,,,,"37.1","14.49","19.2","19.2",,,"73.32","73.32",,,"-9.97","-9.97",,,,,"41.7903843","-87.77048382045737","POINT (-87.77048382045737 41.7903843)","DIUZJ7853_2026-01-27T11_35"
"DTVYY1142","2026-01-26T12:15:35.000","Lower West Side 3",,,,,,,,,,,,,,,,,,,,,"14.58","9.32","7.46","7.46",,,"63.88","63.88",,,"-15.95","-15.95",,,,,"41.85322215","-87.65232092746314","POINT (-87.65232092746314 41.85322215)","DTVYY1142_2026-01-26T12_15"
"DMYYS7663","2026-01-27T11:31:10.000","Englewood 6",,,,,,,,,,,,,,,,,,,,,"37.73","18.68","19.75","19.75",,,"72.08","72.08",,,"-10.01","-10.01",,,,,"41.777062099999995","-87.652929447617","POINT (-87.652929447617 41.777062099999995)","DMYYS7663_2026-01-27T11_31"
"DWKUZ0134","2026-01-26T23:52:17.000","Schiller Park Collocation 1",,,,,,,,,,,,,,,,,,,,,"22.55","12.37","11.37","11.37",,,"57.19","57.19",,,"-13.61","-13.61",,,,,"41.965175","-87.876252","POINT (-87.876252 41.965175)","DWKUZ0134_2026-01-26T23_52"
"DTFVD6048","2026-01-27T12:48:23.000","Riverdale 1",,,,,,,,,,,,,,,,,,,,,"23.92","12.12","12.73","12.73",,,"75.72","75.72",,,"-10.38","-10.38",,,,,"41.67589005","-87.60362888146102","POINT (-87.60362888146102 41.67589005)","DTFVD6048_2026-01-27T12_48"
"DZLAV7766","2026-01-27T07:06:38.000","Austin 4",,,,,,,,,,,,,,,,,,,,,"29.99","21.29","15.69","15.69",,,"64.91","64.91",,,"-11.7","-11.7",,,,,"41.8787019","-87.75315257211534","POINT (-87.75315257211534 41.8787019)","DZLAV7766_2026-01-27T07_06"
"DRZTP3103","2026-01-27T00:09:09.000","Austin 7",,,,,,,,,,,,,,,,,,,,,"16.15","10.02","9.29","9.29",,,"57.94","57.94",,,"-13.65","-13.65",,,,,"41.878556450000005","-87.77003805376656","POINT (-87.77003805376656 41.878556450000005)","DRZTP3103_2026-01-27T00_09"
"DTYDP5264","2026-01-26T16:13:12.000","Norwood Park 1",,,,,,,,,,,,,,,,,,,,,"8.73","8.34","6.5","6.5",,,"53.99","53.99",,,"-14.11","-14.11",,,,,"41.9884148","-87.81462388174296","POINT (-87.81462388174296 41.9884148)","DTYDP5264_2026-01-26T16_13"
"DWKUZ0134","2026-01-26T23:34:59.000","Schiller Park Collocation 1",,,,,,,,,,,,,,,,,,,,,"21.54","13.32","11.3","11.3",,,"57.4","57.4",,,"-13.37","-13.37",,,,,"41.965175","-87.876252","POINT (-87.876252 41.965175)","DWKUZ0134_2026-01-26T23_34"
"DARLP7776","2026-01-27T04:42:04.000","Armour Square 2",,,,,,,,,,,,,,,,,,,,,"37.74","17.47","17.01","17.01",,,"67.12","67.12",,,"-12.78","-12.78",,,,,"41.840014499999995","-87.63555596912866","POINT (-87.63555596912866 41.840014499999995)","DARLP7776_2026-01-27T04_42"
"DAHWZ2321","2026-01-27T06:56:02.000","Albany Park 2",,,,,,,,,,,,,,,,,,,,,"30.5","17.86","19.08","19.08",,,"63.11","63.11",,,"-11.45","-11.45",,,,,"41.96237755","-87.70857185888067","POINT (-87.70857185888067 41.96237755)","DAHWZ2321_2026-01-27T06_56"
"DXHCB5919","2026-01-27T11:54:26.000","Uptown 2","992.0","992.0",,,,,,,,,,,,,,,,,,,"18.46","10.71","11.79","11.79","75.0","75.0","62.79","62.79","-10.6","-10.6","-7.98","-7.98","296.09","296.09","1.64","1.64","41.97559665","-87.65386596902835","POINT (-87.65386596902835 41.97559665)","DXHCB5919_2026-01-27T11_54"
"DMLFU0523","2026-02-10T23:35:02.000","Pullman 2",,,,,,,,,,,,,,,,,,,"18.37","12.7","43.97","21.82","32.81","32.81",,,"62.5","62.5",,,"5.96","5.96",,,,,"41.713040199999995","-87.58430474129636","POINT (-87.58430474129636 41.713040199999995)","DMLFU0523_2026-02-10T23_35"
"DVCMB9343","2026-02-10T21:09:45.000","Belmont Cragin 2",,,,,,,,,,,,,,,,,,,"6.55","12.53","24.39","16.71","28.83","28.83",,,"47.2","47.2",,,"11.3","11.3",,,,,"41.9356698","-87.7630005644958","POINT (-87.7630005644958 41.9356698)","DVCMB9343_2026-02-10T21_09"
"DNUKL3524","2026-01-26T19:48:17.000","West Town 3",,,,,,,,,,,,,,,,,,,,,"11.04","10.11","7.92","7.92",,,"50.33","50.33",,,"-11.91","-11.91",,,,,"41.89463405","-87.65461125155946","POINT (-87.65461125155946 41.89463405)","DNUKL3524_2026-01-26T19_48"
"DLNMW9381","2026-01-27T02:07:31.000","Washington Heights 5",,,,,,,,,,,,,,,,,,,,,"22.08","10.78","10.8","10.8",,,"67.0","67.0",,,"-14.6","-14.6",,,,,"41.7138256","-87.65385383114133","POINT (-87.65385383114133 41.7138256)","DLNMW9381_2026-01-27T02_07"
"DJGDZ3688","2026-01-27T11:17:22.000","Roseland 3",,,,,,,,,,,,,,,,,,,,,"21.48","13.98","12.64","12.64",,,"70.95","70.95",,,"-10.04","-10.04",,,,,"41.70133845","-87.61992013972267","POINT (-87.61992013972267 41.70133845)","DJGDZ3688_2026-01-27T11_17"
"DLNMW9381","2026-01-27T00:39:25.000","Washington Heights 5",,,,,,,,,,,,,,,,,,,,,"17.0","9.6","8.28","8.28",,,"58.7","58.7",,,"-14.03","-14.03",,,,,"41.7138256","-87.65385383114133","POINT (-87.65385383114133 41.7138256)","DLNMW9381_2026-01-27T00_39"
"DNEXF4696","2026-02-10T20:31:44.000","North Lawndale 4",,,,,,,,,,,,,,,,,,,"11.98","25.98","29.19","17.53","26.04","26.04",,,"51.23","51.23",,,"11.12","11.12",,,,,"41.853402849999995","-87.71913459999999","POINT (-87.71913459999999 41.853402849999995)","DNEXF4696_2026-02-10T20_31"
"DFCTF9310","2026-01-27T01:21:06.000","Washington Heights 4",,,,,,,,,,,,,,,,,,,,,"15.42","8.92","8.55","8.55",,,"62.44","62.44",,,"-14.55","-14.55",,,,,"41.701536071848494","-87.65364411744643","POINT (-87.65364411744643 41.701536071848494)","DFCTF9310_2026-01-27T01_21"
"DFFDA0268","2026-01-27T01:40:55.000","Near West Side 3",,,,,,,,,,,,,,,,,,,,,"16.62","9.53","9.17","9.17",,,"58.88","58.88",,,"-13.4","-13.4",,,,,"41.8811335","-87.654831","POINT (-87.654831 41.8811335)","DFFDA0268_2026-01-27T01_40"
"DDHVZ6546","2026-02-10T20:59:31.000","Near West Side 5",,,,,,,,,,,,,,,,,,,"6.91","14.92","29.9","16.84","23.7","23.7",,,"50.24","50.24",,,"10.28","10.28",,,,,"41.86559955","-87.65178513039949","POINT (-87.65178513039949 41.86559955)","DDHVZ6546_2026-02-10T20_59"
"DKRXT7147","2026-01-26T22:39:17.000","Roseland 4",,,,,,,,,,,,,,,,,,,,,"19.69","12.82","12.34","12.34",,,"53.92","53.92",,,"-12.6","-12.6",,,,,"41.68874295","-87.62059497344643","POINT (-87.62059497344643 41.68874295)","DKRXT7147_2026-01-26T22_39"
"DPMWW4120","2026-01-26T21:47:26.000","Garfield Ridge 3",,,,,,,,,,,,,,,,,,,,,"23.73","12.5","13.4","13.4",,,"57.9","57.9",,,"-11.86","-11.86",,,,,"41.7872597","-87.78189702338281","POINT (-87.78189702338281 41.7872597)","DPMWW4120_2026-01-26T21_47"
"DEVFQ3796","2026-01-26T12:31:33.000","Austin 3",,,,,,,,,,,,,,,,,,,,,"7.81","7.66","5.16","5.16",,,"64.02","64.02",,,"-16.16","-16.16",,,,,"41.8911473","-87.75274756009728","POINT (-87.75274756009728 41.8911473)","DEVFQ3796_2026-01-26T12_31"
"DFNBI6922","2026-01-27T04:53:26.000","Mount Greenwood 2",,,,,,,,,,,,,,,,,,,,,"38.8","16.42","20.62","20.62",,,"67.9","67.9",,,"-13.7","-13.7",,,,,"41.69236885","-87.71085274557561","POINT (-87.71085274557561 41.69236885)","DFNBI6922_2026-01-27T04_53"
"DHZTI7858","2026-01-27T12:08:22.000","Pullman 1",,,,,,,,,,,,,,,,,,,,,"21.76","9.08","10.39","10.39",,,"70.91","70.91",,,"-9.98","-9.98",,,,,"41.71416735","-87.60386913020682","POINT (-87.60386913020682 41.71416735)","DHZTI7858_2026-01-27T12_08"
"DACZY2913","2026-01-27T06:04:14.000","Rogers Park 2",,,,,,,,,,,,,,,,,,,,,"20.12","13.22","11.34","11.34",,,"65.55","65.55",,,"-11.18","-11.18",,,,,"42.0027981","-87.67195804163265","POINT (-87.67195804163265 42.0027981)","DACZY2913_2026-01-27T06_04"
"DRDMU5348","2026-02-10T06:34:24.000","Washington Heights 3",,,,,,,,,,,,,,,,,,,"20.09","18.8","27.0","16.85","21.62","21.62",,,"66.24","66.24",,,"2.52","2.52",,,,,"41.71400135","-87.63668979964916","POINT (-87.63668979964916 41.71400135)","DRDMU5348_2026-02-10T06_34"
"DBYCW6873","2026-01-27T12:39:27.000","Norwood Park 4",,,,,,,,,,,,,,,,,,,,,"22.19","11.58","11.43","11.43",,,"70.37","70.37",,,"-9.25","-9.25",,,,,"41.97643085","-87.79850802324188","POINT (-87.79850802324188 41.97643085)","DBYCW6873_2026-01-27T12_39"
"DCQTB2627","2026-01-27T10:44:45.000","Jefferson Park 2",,,,,,,,,,,,,,,,,,,,,"32.37","17.05","18.96","18.96",,,"70.28","70.28",,,"-9.82","-9.82",,,,,"41.976053300000004","-87.76267965049084","POINT (-87.76267965049084 41.976053300000004)","DCQTB2627_2026-01-27T10_44"
"DZLAV7766","2026-01-27T00:23:02.000","Austin 4",,,,,,,,,,,,,,,,,,,,,"10.28","14.83","7.24","7.24",,,"58.79","58.79",,,"-13.85","-13.85",,,,,"41.8787019","-87.75315257211534","POINT (-87.75315257211534 41.8787019)","DZLAV7766_2026-01-27T00_23"
"DSSQU9498","2026-01-27T14:22:24.000","Near North Side 4","996.0","996.0",,,,,,,,,,,,,,,,,,,"32.85","17.64","26.6","26.6","63.9","63.9","53.33","53.33","-9.3","-9.3","-6.81","-6.81","305.42","305.42","0.89","0.89","41.89454935","-87.63665349658982","POINT (-87.63665349658982 41.89454935)","DSSQU9498_2026-01-27T14_22"
"DVNGV1890","2026-02-10T14:17:56.000","Roseland 2",,,,,,,,,,,,,,,,,,,"28.71","27.98","44.72","25.09","38.3","38.3",,,"70.49","70.49",,,"5.01","5.01",,,,,"41.71389143635448","-87.61998237196052","POINT (-87.61998237196052 41.71389143635448)","DVNGV1890_2026-02-10T14_17"
"DIQKT3554","2026-01-27T02:16:06.000","Lincoln Park 1",,,,,,,,,,,,,,,,,,,,,"17.0","9.64","8.11","8.11",,,"61.49","61.49",,,"-13.56","-13.56",,,,,"41.92154965","-87.65448778150906","POINT (-87.65448778150906 41.92154965)","DIQKT3554_2026-01-27T02_16"
"DICQL6656","2026-01-27T02:48:50.000","Albany Park 3",,,,,,,,,,,,,,,,,,,,,"28.84","16.25","16.94","16.94",,,"65.91","65.91",,,"-13.6","-13.6",,,,,"41.96248775","-87.72638198461931","POINT (-87.72638198461931 41.96248775)","DICQL6656_2026-01-27T02_48"
"DGTGR9009","2026-01-26T18:15:46.000","South Deering 3",,,,,,,,,,,,,,,,,,,,,"12.88","10.95","6.96","6.96",,,"50.69","50.69",,,"-12.58","-12.58",,,,,"41.70277366369161","-87.55285081796137","POINT (-87.55285081796137 41.70277366369161)","DGTGR9009_2026-01-26T18_15"
"DGTDZ6242","2026-01-27T10:48:10.000","Forest Glen 3",,,,,,,,,,,,,,,,,,,,,"37.77","22.01","38.18","38.18",,,"70.76","70.76",,,"-10.02","-10.02",,,,,"41.98958085","-87.74435264432117","POINT (-87.74435264432117 41.98958085)","DGTDZ6242_2026-01-27T10_48"
"DJJVG1917","2026-01-26T21:25:16.000","Edgewater 1",,,,,,,,,,,,,,,,,,,,,"16.19","13.4","10.8","10.8",,,"52.95","52.95",,,"-11.69","-11.69",,,,,"41.989302800000004","-87.6722930982605","POINT (-87.6722930982605 41.989302800000004)","DJJVG1917_2026-01-26T21_25"
"DIFPQ7419","2026-01-26T19:47:45.000","Avondale 2",,,,,,,,,,,,,,,,,,,,,"12.73","9.31","7.94","7.94",,,"47.66","47.66",,,"-10.19","-10.19",,,,,"41.93555175","-87.6910915509286","POINT (-87.6910915509286 41.93555175)","DIFPQ7419_2026-01-26T19_47"
"DYSHC8669","2026-02-10T14:15:45.000","Chicago Lawn 2",,,,,,,,,,,,,,,,,,,"24.33","31.19","51.25","23.22","44.22","44.22",,,"72.39","72.39",,,"4.2","4.2",,,,,"41.7772231","-87.6867966971337","POINT (-87.6867966971337 41.7772231)","DYSHC8669_2026-02-10T14_15"
"DALBP5360","2026-01-27T14:03:37.000","Beverly 4",,,,,,,,,,,,,,,,,,,,,"12.81","7.29","6.74","6.74",,,"65.18","65.18",,,"-9.3","-9.3",,,,,"41.70569725","-87.67464569624644","POINT (-87.67464569624644 41.70569725)","DALBP5360_2026-01-27T14_03"
"DWMKK1484","2026-01-27T10:50:51.000","Gage Park 2",,,,,,,,,,,,,,,,,,,,,"33.26","17.03","18.77","18.77",,,"69.33","69.33",,,"-9.62","-9.62",,,,,"41.802533999999994","-87.68644672022128","POINT (-87.68644672022128 41.802533999999994)","DWMKK1484_2026-01-27T10_50"
"DFKYH6865","2026-01-26T19:35:34.000","Morgan Park 1",,,,,,,,,,,,,,,,,,,,,"12.11","11.74","7.01","7.01",,,"50.37","50.37",,,"-11.66","-11.66",,,,,"41.69223635","-87.67489329295597","POINT (-87.67489329295597 41.69223635)","DFKYH6865_2026-01-26T19_35"
"DJCYU2364","2026-02-10T23:47:05.000","Douglas 2",,,,,,,,,,,,,,,,,,,"25.5","18.87","39.92","22.07","37.01","37.01",,,"62.31","62.31",,,"5.69","5.69",,,,,"41.82725075","-87.61890358618274","POINT (-87.61890358618274 41.82725075)","DJCYU2364_2026-02-10T23_47"
"DFKYP0941","2026-01-26T17:33:16.000","Lincoln Park 2",,,,,,,,,,,,,,,,,,,,,"6.38","6.66","3.67","3.67",,,"52.22","52.22",,,"-11.76","-11.76",,,,,"41.92145185","-87.63691042803572","POINT (-87.63691042803572 41.92145185)","DFKYP0941_2026-01-26T17_33"
"DQJDZ1252","2026-01-26T12:25:54.000","West Pullman 1",,,,,,,,,,,,,,,,,,,,,"24.62","12.61","12.5","12.5",,,"63.38","63.38",,,"-16.27","-16.27",,,,,"41.67590428555132","-87.6540277876164","POINT (-87.6540277876164 41.67590428555132)","DQJDZ1252_2026-01-26T12_25"
"DWZRL1539","2026-01-26T12:13:00.000","Hermosa 2",,,,,,,,,,,,,,,,,,,,,"2.58","5.67","2.83","2.83",,,"63.78","63.78",,,"-15.5","-15.5",,,,,"41.916261","-87.73604474675119","POINT (-87.73604474675119 41.916261)","DWZRL1539_2026-01-26T12_13"
"DZLAV7766","2026-01-27T03:36:53.000","Austin 4",,,,,,,,,,,,,,,,,,,,,"33.66","27.32","19.36","19.36",,,"67.83","67.83",,,"-13.39","-13.39",,,,,"41.8787019","-87.75315257211534","POINT (-87.75315257211534 41.8787019)","DZLAV7766_2026-01-27T03_36"
"DRILK5150","2026-01-26T23:28:51.000","East Garfield Park 1",,,,,,,,,,,,,,,,,,,,,"17.23","10.29","10.45","10.45",,,"58.53","58.53",,,"-13.55","-13.55",,,,,"41.87824475","-87.71895694228435","POINT (-87.71895694228435 41.87824475)","DRILK5150_2026-01-26T23_28"
"DBYCW6873","2026-02-10T04:50:50.000","Norwood Park 4",,,,,,,,,,,,,,,,,,,"16.0","15.71","40.56","17.63","24.82","24.82",,,"66.31","66.31",,,"2.85","2.85",,,,,"41.97643085","-87.79850802324188","POINT (-87.79850802324188 41.97643085)","DBYCW6873_2026-02-10T04_50"
"DWEIE9311","2026-01-27T14:38:10.000","Bridgeport 2",,,,,,,,,,,,,,,,,,,,,"22.69","12.04","10.08","10.08",,,"61.55","61.55",,,"-8.72","-8.72",,,,,"41.8278059","-87.65209362442712","POINT (-87.65209362442712 41.8278059)","DWEIE9311_2026-01-27T14_38"
"DHSIJ5379","2026-02-10T05:33:08.000","Washington Heights 1",,,,,,,,,,,,,,,,,,,"15.72","11.16","28.75","17.3","20.63","20.63",,,"66.13","66.13",,,"2.68","2.68",,,,,"41.72668335","-87.6533731","POINT (-87.6533731 41.72668335)","DHSIJ5379_2026-02-10T05_33"
"DHZTI7858","2026-01-27T11:50:41.000","Pullman 1",,,,,,,,,,,,,,,,,,,,,"30.13","12.26","12.57","12.57",,,"70.1","70.1",,,"-9.91","-9.91",,,,,"41.71416735","-87.60386913020682","POINT (-87.60386913020682 41.71416735)","DHZTI7858_2026-01-27T11_50"
"DJIHM1001","2026-02-10T21:03:54.000","West Town 1",,,,,,,,,,,,,,,,,,,"14.15","17.84","27.08","17.49","25.17","25.17",,,"54.01","54.01",,,"9.6","9.6",,,,,"41.90832880000001","-87.69056941589595","POINT (-87.69056941589595 41.90832880000001)","DJIHM1001_2026-02-10T21_03"
"DDCVA2276","2026-01-27T11:08:31.000","Forest Glen 2",,,,,,,,,,,,,,,,,,,,,"20.27","8.93","10.27","10.27",,,"69.55","69.55",,,"-10.08","-10.08",,,,,"42.003033450000004","-87.76224995","POINT (-87.76224995 42.003033450000004)","DDCVA2276_2026-01-27T11_08"
"DYZXT2661","2026-01-27T05:07:56.000","Washington Park 1",,,,,,,,,,,,,,,,,,,,,"44.88","17.15","21.22","21.22",,,"65.8","65.8",,,"-12.81","-12.81",,,,,"41.79001015","-87.61876673065636","POINT (-87.61876673065636 41.79001015)","DYZXT2661_2026-01-27T05_07"
"DIVZD0266","2026-01-27T09:26:26.000","Archer Heights 1",,,,,,,,,,,,,,,,,,,,,"37.03","18.9","21.05","21.05",,,"68.4","68.4",,,"-10.63","-10.63",,,,,"41.815591850000004","-87.73627709500252","POINT (-87.73627709500252 41.815591850000004)","DIVZD0266_2026-01-27T09_26"
"DYLLV9237","2026-01-26T23:44:39.000","Portage Park 5",,,,,,,,,,,,,,,,,,,,,"8.81","8.54","7.33","7.33",,,"57.88","57.88",,,"-13.09","-13.09",,,,,"41.94900945","-87.76278188336448","POINT (-87.76278188336448 41.94900945)","DYLLV9237_2026-01-26T23_44"
"DUDWN9545","2026-02-10T15:20:08.000","Ashburn 2",,,,,,,,,,,,,,,,,,,"19.71","23.01","44.92","26.09","40.41","40.41",,,"64.91","64.91",,,"6.6","6.6",,,,,"41.75226525","-87.72071577078817","POINT (-87.72071577078817 41.75226525)","DUDWN9545_2026-02-10T15_20"
"DTCRA7818","2026-01-27T04:44:59.000","West Lawn 1",,,,,,,,,,,,,,,,,,,,,"29.35","18.14","15.6","15.6",,,"67.16","67.16",,,"-12.86","-12.86",,,,,"41.7772479","-87.73660460279069","POINT (-87.73660460279069 41.7772479)","DTCRA7818_2026-01-27T04_44"
"DGRCH4426","2026-01-26T15:39:38.000","West Ridge 3",,,,,,,,,,,,,,,,,,,,,"8.5","7.22","4.31","4.31",,,"55.47","55.47",,,"-14.26","-14.26",,,,,"42.002902250000005","-87.6903495","POINT (-87.6903495 42.002902250000005)","DGRCH4426_2026-01-26T15_39"
"DVCMB9343","2026-01-26T19:09:59.000","Belmont Cragin 2",,,,,,,,,,,,,,,,,,,,,"11.96","10.96","7.77","7.77",,,"49.44","49.44",,,"-11.87","-11.87",,,,,"41.9356698","-87.7630005644958","POINT (-87.7630005644958 41.9356698)","DVCMB9343_2026-01-26T19_09"
"DVWMK9661","2026-02-10T15:04:39.000","Humboldt Park 4",,,,,,,,,,,,,,,,,,,"18.43","20.76","52.67","26.53","44.43","44.43",,,"64.61","64.61",,,"5.87","5.87",,,,,"41.89083265","-87.71959863710754","POINT (-87.71959863710754 41.89083265)","DVWMK9661_2026-02-10T15_04"
"DBLXJ4454","2026-01-26T22:13:09.000","New City 5",,,,,,,,,,,,,,,,,,,,,"19.42","12.22","10.98","10.98",,,"56.54","56.54",,,"-12.09","-12.09",,,,,"41.802394199999995","-87.66940364304637","POINT (-87.66940364304637 41.802394199999995)","DBLXJ4454_2026-01-26T22_13"
"DTFVD6048","2026-01-27T01:37:36.000","Riverdale 1",,,,,,,,,,,,,,,,,,,,,"20.41","10.82","10.18","10.18",,,"68.78","68.78",,,"-15.43","-15.43",,,,,"41.67589005","-87.60362888146102","POINT (-87.60362888146102 41.67589005)","DTFVD6048_2026-01-27T01_37"
"DWZRL1539","2026-02-10T15:20:43.000","Hermosa 2",,,,,,,,,,,,,,,,,,,"16.93","18.7","37.45","22.96","29.74","29.74",,,"63.98","63.98",,,"5.84","5.84",,,,,"41.916261","-87.73604474675119","POINT (-87.73604474675119 41.916261)","DWZRL1539_2026-02-10T15_20"
"DAREG6245","2026-01-27T11:15:41.000","Lake View 5",,,,,,,,,,,,,,,,,,,,,"28.12","15.31","15.48","15.48",,,"71.83","71.83",,,"-9.54","-9.54",,,,,"41.93525075","-87.6725314","POINT (-87.6725314 41.93525075)","DAREG6245_2026-01-27T11_15"
"DLFZU4679","2026-01-27T03:22:33.000","West Englewood 2",,,,,,,,,,,,,,,,,,,,,"24.42","14.86","12.97","12.97",,,"69.87","69.87",,,"-14.45","-14.45",,,,,"41.777212500000005","-87.66997231765325","POINT (-87.66997231765325 41.777212500000005)","DLFZU4679_2026-01-27T03_22"
"DZFFW4078","2026-01-27T06:12:37.000","Hegewisch 3",,,,,,,,,,,,,,,,,,,,,"27.23","14.28","15.03","15.03",,,"64.75","64.75",,,"-12.3","-12.3",,,,,"41.650308100000004","-87.53657469999999","POINT (-87.53657469999999 41.650308100000004)","DZFFW4078_2026-01-27T06_12"
"DSSQU9498","2026-02-10T20:01:03.000","Near North Side 4","991.0","991.0",,,,,,,,,,,,,,,,,"23.87","27.8","37.46","21.84","36.12","36.12","56.5","56.5","49.37","49.37","9.4","9.4","10.67","10.67","113.01","113.01","1.96","1.96","41.89454935","-87.63665349658982","POINT (-87.63665349658982 41.89454935)","DSSQU9498_2026-02-10T20_01"
"DMVDY6300","2026-01-26T12:46:50.000","McKinley Park 1",,,,,,,,,,,,,,,,,,,,,"8.54","7.07","5.51","5.51",,,"64.49","64.49",,,"-16.03","-16.03",,,,,"41.82770135","-87.68592075050194","POINT (-87.68592075050194 41.82770135)","DMVDY6300_2026-01-26T12_46"
"DPWHE0976","2026-01-26T22:56:29.000","Fuller Park 1",,,,,,,,,,,,,,,,,,,,,"20.38","11.81","10.64","10.64",,,"56.94","56.94",,,"-12.8","-12.8",,,,,"41.81472425","-87.63492704556565","POINT (-87.63492704556565 41.81472425)","DPWHE0976_2026-01-26T22_56"
"DXXAJ4778","2026-01-26T23:54:30.000","West Lawn 3",,,,,,,,,,,,,,,,,,,,,"18.62","9.49","9.51","9.51",,,"61.37","61.37",,,"-13.84","-13.84",,,,,"41.7648253","-87.72039625875594","POINT (-87.72039625875594 41.7648253)","DXXAJ4778_2026-01-26T23_54"
"DCRJT8545","2026-02-10T06:10:37.000","Greater Grand Crossing 6",,,,,,,,,,,,,,,,,,,"17.0","16.46","35.08","15.55","23.63","23.63",,,"64.67","64.67",,,"2.91","2.91",,,,,"41.75146495","-87.63629560000001","POINT (-87.63629560000001 41.75146495)","DCRJT8545_2026-02-10T06_10"
"DIRJX6254","2026-01-26T14:02:58.000","Greater Grand Crossing 2",,,,,,,,,,,,,,,,,,,,,"14.58","10.01","8.95","8.95",,,"68.0","68.0",,,"-16.28","-16.28",,,,,"41.76421335","-87.61966303201764","POINT (-87.61966303201764 41.76421335)","DIRJX6254_2026-01-26T14_02"
"DUGYZ8163","2026-01-26T12:03:43.000","Ashburn 4",,,,,,,,,,,,,,,,,,,,,"18.27","9.93","8.33","8.33",,,"61.76","61.76",,,"-16.3","-16.3",,,,,"41.7524136","-87.68538850711178","POINT (-87.68538850711178 41.7524136)","DUGYZ8163_2026-01-26T12_03"
"DRDZF3698","2026-01-26T12:57:52.000","Austin 1",,,,,,,,,,,,,,,,,,,,,"10.25","7.29","5.07","5.07",,,"64.1","64.1",,,"-16.35","-16.35",,,,,"41.9157582","-87.76919201601461","POINT (-87.76919201601461 41.9157582)","DRDZF3698_2026-01-26T12_57"
"DZIEF7974","2026-01-27T04:07:11.000","Auburn Gresham 5",,,,,,,,,,,,,,,,,,,,,"42.55","17.36","19.51","19.51",,,"68.29","68.29",,,"-14.02","-14.02",,,,,"41.739100300000004","-87.67021444445066","POINT (-87.67021444445066 41.739100300000004)","DZIEF7974_2026-01-27T04_07"
"DJKZD4256","2026-01-26T22:44:53.000","Morgan Park 3",,,,,,,,,,,,,,,,,,,,,"6.46","6.15","4.05","4.05",,,"58.51","58.51",,,"-12.77","-12.77",,,,,"41.67869235","-87.67466474951416","POINT (-87.67466474951416 41.67869235)","DJKZD4256_2026-01-26T22_44"
"DLIKU5639","2026-02-10T20:03:02.000","O'Hare 3",,,,,,,,,,,,,,,,,,,"10.41","18.17","29.66","17.3","26.72","26.72",,,"52.24","52.24",,,"10.88","10.88",,,,,"41.950080347637595","-87.85424652587339","POINT (-87.85424652587339 41.950080347637595)","DLIKU5639_2026-02-10T20_03"
"DWTBM7891","2026-01-26T12:42:06.000","Woodlawn 1",,,,,,,,,,,,,,,,,,,,,"15.65","11.17","10.24","10.24",,,"63.31","63.31",,,"-15.63","-15.63",,,,,"41.77673266666667","-87.60245566666666","POINT (-87.60245566666666 41.77673266666667)","DWTBM7891_2026-01-26T12_42"
"DMFEL5431","2026-01-27T12:02:39.000","Garfield Ridge 4",,,,,,,,,,,,,,,,,,,,,"23.19","15.06","16.53","16.53",,,"73.38","73.38",,,"-9.77","-9.77",,,,,"41.787349199999994","-87.80034666308356","POINT (-87.80034666308356 41.787349199999994)","DMFEL5431_2026-01-27T12_02"
"DIVZD0266","2026-02-10T15:19:36.000","Archer Heights 1",,,,,,,,,,,,,,,,,,,"30.32","35.51","49.27","27.33","49.86","49.86",,,"63.37","63.37",,,"6.87","6.87",,,,,"41.815591850000004","-87.73627709500252","POINT (-87.73627709500252 41.815591850000004)","DIVZD0266_2026-02-10T15_19"
"DFIBC1899","2026-01-27T01:30:01.000","South Deering 7","1001.0","1001.0",,,,,,,,,,,,,,,,,,,"36.5","19.36","37.03","37.03","69.3","69.3","59.9","59.9","-15.5","-15.5","-13.23","-13.23","203.47","203.47","1.93","1.93","41.66442141105966","-87.58654247521171","POINT (-87.58654247521171 41.66442141105966)","DFIBC1899_2026-01-27T01_30"
"DMTRR1120","2026-01-26T22:21:08.000","Burnside 1",,,,,,,,,,,,,,,,,,,,,"21.04","15.09","13.35","13.35",,,"51.8","51.8",,,"-12.19","-12.19",,,,,"41.7264486","-87.60347733401628","POINT (-87.60347733401628 41.7264486)","DMTRR1120_2026-01-26T22_21"
"DIUZJ7853","2026-01-27T05:50:18.000","Garfield Ridge 2",,,,,,,,,,,,,,,,,,,,,"26.62","12.37","15.63","15.63",,,"66.14","66.14",,,"-12.55","-12.55",,,,,"41.7903843","-87.77048382045737","POINT (-87.77048382045737 41.7903843)","DIUZJ7853_2026-01-27T05_50"
"DCABM0358","2026-01-26T23:18:15.000","South Lawndale 6",,,,,,,,,,,,,,,,,,,,,"20.39","14.36","10.89","10.89",,,"59.49","59.49",,,"-12.89","-12.89",,,,,"41.840363100000005","-87.73770467096696","POINT (-87.73770467096696 41.840363100000005)","DCABM0358_2026-01-26T23_18"
"DCHTB8281","2026-02-10T14:06:48.000","Morgan Park 2",,,,,,,,,,,,,,,,,,,"24.7","26.52","53.72","20.84","35.47","35.47",,,"71.04","71.04",,,"4.51","4.51",,,,,"41.689594850000006","-87.65379678317397","POINT (-87.65379678317397 41.689594850000006)","DCHTB8281_2026-02-10T14_06"
"DWBTT8209","2026-01-27T14:19:53.000","Edison Park 1",,,,,,,,,,,,,,,,,,,,,"1.57","5.0","2.49","2.49",,,"62.69","62.69",,,"-9.36","-9.36",,,,,"42.017003","-87.816509","POINT (-87.816509 42.017003)","DWBTT8209_2026-01-27T14_19"
"DPNPJ6846","2026-02-10T23:52:14.000","New City 2",,,,,,,,,,,,,,,,,,,"18.65","18.54","48.51","25.19","38.53","38.53",,,"61.13","61.13",,,"5.93","5.93",,,,,"41.81485945","-87.65156300549928","POINT (-87.65156300549928 41.81485945)","DPNPJ6846_2026-02-10T23_52"
"DSSQU9498","2026-01-26T23:20:50.000","Near North Side 4","1002.0","1002.0",,,,,,,,,,,,,,,,,,,"21.32","13.39","13.67","13.67","62.5","62.5","50.71","50.71","-13.5","-13.5","-10.74","-10.74","139.54","139.54","0.24","0.24","41.89454935","-87.63665349658982","POINT (-87.63665349658982 41.89454935)","DSSQU9498_2026-01-26T23_20"
"DHJUH1119","2026-01-26T22:15:17.000","Dunning 4",,,,,,,,,,,,,,,,,,,,,"10.92","8.67","8.4","8.4",,,"55.84","55.84",,,"-11.52","-11.52",,,,,"41.949138399999995","-87.7808436229515","POINT (-87.7808436229515 41.949138399999995)","DHJUH1119_2026-01-26T22_15"
"DZTFU6199","2026-01-27T11:05:11.000","Ashburn 7",,,,,,,,,,,,,,,,,,,,,"31.76","11.8","15.01","15.01",,,"71.73","71.73",,,"-10.17","-10.17",,,,,"41.73968055","-87.72068312694724","POINT (-87.72068312694724 41.73968055)","DZTFU6199_2026-01-27T11_05"
"DMVDY6300","2026-01-26T13:39:08.000","McKinley Park 1",,,,,,,,,,,,,,,,,,,,,"8.69","8.05","5.96","5.96",,,"65.76","65.76",,,"-16.19","-16.19",,,,,"41.82770135","-87.68592075050194","POINT (-87.68592075050194 41.82770135)","DMVDY6300_2026-01-26T13_39"
"DGRSB4646","2026-01-27T08:17:30.000","Belmont Cragin 1",,,,,,,,,,,,,,,,,,,,,"26.36","12.61","13.16","13.16",,,"66.82","66.82",,,"-11.09","-11.09",,,,,"41.93583815","-87.7807855303175","POINT (-87.7807855303175 41.93583815)","DGRSB4646_2026-01-27T08_17"
"DBASA0396","2026-01-27T01:38:19.000","Washington HS Collocation 1",,,,,,,,,,,,,,,,,,,,,"38.85","16.75","22.37","22.37",,,"66.55","66.55",,,"-14.57","-14.57",,,,,"41.687495","-87.538083","POINT (-87.538083 41.687495)","DBASA0396_2026-01-27T01_38"
"DGGGM0466","2026-01-27T03:40:56.000","Bridgeport 1",,,,,,,,,,,,,,,,,,,,,"39.53","15.47","18.71","18.71",,,"69.69","69.69",,,"-13.65","-13.65",,,,,"41.840132100000005","-87.65224955235848","POINT (-87.65224955235848 41.840132100000005)","DGGGM0466_2026-01-27T03_40"
"DVRBW4874","2026-01-27T14:11:45.000","Logan Square 1",,,,,,,,,,,,,,,,,,,,,"16.85","10.04","8.62","8.62",,,"62.59","62.59",,,"-8.92","-8.92",,,,,"41.92963275","-87.71893702781998","POINT (-87.71893702781998 41.92963275)","DVRBW4874_2026-01-27T14_11"
"DUSKD5383","2026-01-26T12:35:39.000","Dunning 2",,,,,,,,,,,,,,,,,,,,,"5.88","6.58","4.66","4.66",,,"65.19","65.19",,,"-16.95","-16.95",,,,,"41.9494264","-87.81722894476465","POINT (-87.81722894476465 41.9494264)","DUSKD5383_2026-01-26T12_35"
"DKWDP4373","2026-01-27T12:21:45.000","Lake View 4",,,,,,,,,,,,,,,,,,,,,"25.73","13.11","14.34","14.34",,,"72.43","72.43",,,"-9.35","-9.35",,,,,"41.93506775","-87.65427066335096","POINT (-87.65427066335096 41.93506775)","DKWDP4373_2026-01-27T12_21"
"DZBKX0961","2026-01-26T12:57:19.000","Kenwood 1",,,,,,,,,,,,,,,,,,,,,"8.55","8.82","5.09","5.09",,,"65.45","65.45",,,"-16.12","-16.12",,,,,"41.8130536","-87.60098186266059","POINT (-87.60098186266059 41.8130536)","DZBKX0961_2026-01-26T12_57"
"DWMKK1484","2026-01-27T03:47:10.000","Gage Park 2",,,,,,,,,,,,,,,,,,,,,"29.04","16.0","17.46","17.46",,,"67.65","67.65",,,"-13.71","-13.71",,,,,"41.802533999999994","-87.68644672022128","POINT (-87.68644672022128 41.802533999999994)","DWMKK1484_2026-01-27T03_47"
"DMSGP0807","2026-01-26T13:07:12.000","Norwood Park 6",,,,,,,,,,,,,,,,,,,,,"9.12","8.23","9.77","9.77",,,"65.7","65.7",,,"-16.62","-16.62",,,,,"41.97668455","-87.83490487434239","POINT (-87.83490487434239 41.97668455)","DMSGP0807_2026-01-26T13_07"
"DMIYV7889","2026-01-27T14:08:30.000","O'Hare 2",,,,,,,,,,,,,,,,,,,,,"10.42","6.67","6.66","6.66",,,"65.14","65.14",,,"-9.49","-9.49",,,,,"41.96313028153143","-87.85304850279294","POINT (-87.85304850279294 41.96313028153143)","DMIYV7889_2026-01-27T14_08"
"DSZQR8376","2026-01-27T03:20:17.000","Hegewisch 1",,,,,,,,,,,,,,,,,,,,,"46.27","17.65","19.7","19.7",,,"68.65","68.65",,,"-13.89","-13.89",,,,,"41.675190108549614","-87.53588600367534","POINT (-87.53588600367534 41.675190108549614)","DSZQR8376_2026-01-27T03_20"
"DCRJT8545","2026-01-26T12:27:48.000","Greater Grand Crossing 6",,,,,,,,,,,,,,,,,,,,,"16.88","9.07","8.47","8.47",,,"62.66","62.66",,,"-15.86","-15.86",,,,,"41.75146495","-87.63629560000001","POINT (-87.63629560000001 41.75146495)","DCRJT8545_2026-01-26T12_27"
"DUIZW8642","2026-01-27T14:15:24.000","Norwood Park 5",,,,,,,,,,,,,,,,,,,,,"10.96","6.5","7.36","7.36",,,"64.04","64.04",,,"-9.22","-9.22",,,,,"41.9764404","-87.81663050626611","POINT (-87.81663050626611 41.9764404)","DUIZW8642_2026-01-27T14_15"
"DJHFB1439","2026-01-26T22:37:34.000","South Deering 6",,,,,,,,,,,,,,,,,,,,,"24.67","14.37","13.07","13.07",,,"58.03","58.03",,,"-12.48","-12.48",,,,,"41.66730025","-87.56938199592918","POINT (-87.56938199592918 41.66730025)","DJHFB1439_2026-01-26T22_37"
"DQVGW1846","2026-01-26T22:41:38.000","South Lawndale 3",,,,,,,,,,,,,,,,,,,,,"32.26","14.48","12.98","12.98",,,"59.06","59.06",,,"-12.37","-12.37",,,,,"41.8403843","-87.71981834946608","POINT (-87.71981834946608 41.8403843)","DQVGW1846_2026-01-26T22_41"
"DPNPJ6846","2026-02-10T04:39:44.000","New City 2",,,,,,,,,,,,,,,,,,,"13.72","16.49","31.77","16.67","21.47","21.47",,,"64.41","64.41",,,"2.88","2.88",,,,,"41.81485945","-87.65156300549928","POINT (-87.65156300549928 41.81485945)","DPNPJ6846_2026-02-10T04_39"
"DBMHJ0743","2026-01-27T11:39:43.000","Archer Heights 4",,,,,,,,,,,,,,,,,,,,,"30.77","11.64","14.17","14.17",,,"73.04","73.04",,,"-9.81","-9.81",,,,,"41.802709500000006","-87.7373057324682","POINT (-87.7373057324682 41.802709500000006)","DBMHJ0743_2026-01-27T11_39"
"DSZQR8376","2026-01-27T14:53:33.000","Hegewisch 1",,,,,,,,,,,,,,,,,,,,,"17.3","9.93","8.44","8.44",,,"60.3","60.3",,,"-8.67","-8.67",,,,,"41.675190108549614","-87.53588600367534","POINT (-87.53588600367534 41.675190108549614)","DSZQR8376_2026-01-27T14_53"
"DAREG6245","2026-02-10T20:05:49.000","Lake View 5",,,,,,,,,,,,,,,,,,,"7.75","14.34","27.0","17.29","24.92","24.92",,,"50.07","50.07",,,"11.06","11.06",,,,,"41.93525075","-87.6725314","POINT (-87.6725314 41.93525075)","DAREG6245_2026-02-10T20_05"
"DRYBG8957","2026-02-10T20:35:20.000","McKinley Park 2",,,,,,,,,,,,,,,,,,,"11.47","21.49","29.3","16.46","23.56","23.56",,,"49.36","49.36",,,"10.91","10.91",,,,,"41.827580350000005","-87.66937111952846","POINT (-87.66937111952846 41.827580350000005)","DRYBG8957_2026-02-10T20_35"
"DCYXM8877","2026-01-26T18:29:46.000","Dunning 1",,,,,,,,,,,,,,,,,,,,,"8.12","10.19","5.7","5.7",,,"46.79","46.79",,,"-11.5","-11.5",,,,,"41.94945715","-87.83511784539533","POINT (-87.83511784539533 41.94945715)","DCYXM8877_2026-01-26T18_29"
"DQJDZ1252","2026-01-27T00:10:01.000","West Pullman 1",,,,,,,,,,,,,,,,,,,,,"12.35","7.92","6.15","6.15",,,"59.3","59.3",,,"-14.13","-14.13",,,,,"41.67590428555132","-87.6540277876164","POINT (-87.6540277876164 41.67590428555132)","DQJDZ1252_2026-01-27T00_10"
"DHWLS6819","2026-01-27T11:45:56.000","West Pullman 5",,,,,,,,,,,,,,,,,,,,,"31.23","12.45","14.76","14.76",,,"72.15","72.15",,,"-9.87","-9.87",,,,,"41.6635518","-87.63755419774877","POINT (-87.63755419774877 41.6635518)","DHWLS6819_2026-01-27T11_45"
"DBDBP2246","2026-01-26T19:22:53.000","Greater Grand Crossing 4",,,,,,,,,,,,,,,,,,,,,"27.52","15.83","11.54","11.54",,,"49.4","49.4",,,"-12.2","-12.2",,,,,"41.751726399999995","-87.60303067276175","POINT (-87.60303067276175 41.751726399999995)","DBDBP2246_2026-01-26T19_22"
"DKISS7174","2026-01-26T14:50:37.000","West Elsdon 2",,,,,,,,,,,,,,,,,,,,,"8.92","8.83","6.04","6.04",,,"62.24","62.24",,,"-15.85","-15.85",,,,,"41.7898683","-87.72002286796209","POINT (-87.72002286796209 41.7898683)","DKISS7174_2026-01-26T14_50"
"DZBKX0961","2026-02-10T21:00:50.000","Kenwood 1",,,,,,,,,,,,,,,,,,,"16.97","12.31","41.12","23.08","30.78","30.78",,,"64.3","64.3",,,"6.41","6.41",,,,,"41.8130536","-87.60098186266059","POINT (-87.60098186266059 41.8130536)","DZBKX0961_2026-02-10T21_00"
"DZKWB0839","2026-01-27T00:44:59.000","East Side 2",,,,,,,,,,,,,,,,,,,,,"8.77","6.72","4.77","4.77",,,"60.36","60.36",,,"-14.22","-14.22",,,,,"41.713258249999996","-87.53592341666666","POINT (-87.53592341666666 41.713258249999996)","DZKWB0839_2026-01-27T00_44"
"DDQNT6485","2026-01-27T02:32:40.000","Armour Square 1",,,,,,,,,,,,,,,,,,,,,"35.8","18.26","17.57","17.57",,,"67.67","67.67",,,"-14.14","-14.14",,,,,"41.85262982537949","-87.63531098320047","POINT (-87.63531098320047 41.85262982537949)","DDQNT6485_2026-01-27T02_32"
"DRILK5150","2026-01-26T23:11:35.000","East Garfield Park 1",,,,,,,,,,,,,,,,,,,,,"24.69","13.97","15.32","15.32",,,"58.71","58.71",,,"-13.29","-13.29",,,,,"41.87824475","-87.71895694228435","POINT (-87.71895694228435 41.87824475)","DRILK5150_2026-01-26T23_11"
"DNEXF4696","2026-01-27T11:17:26.000","North Lawndale 4",,,,,,,,,,,,,,,,,,,,,"50.69","21.8","26.38","26.38",,,"71.95","71.95",,,"-9.46","-9.46",,,,,"41.853402849999995","-87.71913459999999","POINT (-87.71913459999999 41.853402849999995)","DNEXF4696_2026-01-27T11_17"
"DQABT4506","2026-01-27T03:45:58.000","Riverdale 2",,,,,,,,,,,,,,,,,,,,,"43.14","17.13","19.36","19.36",,,"69.26","69.26",,,"-14.28","-14.28",,,,,"41.66370695","-87.6054486089225","POINT (-87.6054486089225 41.66370695)","DQABT4506_2026-01-27T03_45"
"DTCRA7818","2026-01-27T02:25:30.000","West Lawn 1",,,,,,,,,,,,,,,,,,,,,"19.19","12.4","10.26","10.26",,,"67.12","67.12",,,"-14.43","-14.43",,,,,"41.7772479","-87.73660460279069","POINT (-87.73660460279069 41.7772479)","DTCRA7818_2026-01-27T02_25"
"DFAQM2360","2026-01-27T12:17:45.000","Englewood 1",,,,,,,,,,,,,,,,,,,,,"32.65","14.28","20.66","20.66",,,"73.38","73.38",,,"-9.81","-9.81",,,,,"41.78968585","-87.65259587249278","POINT (-87.65259587249278 41.78968585)","DFAQM2360_2026-01-27T12_17"
"DQRVM2041","2026-02-10T20:26:32.000","West Englewood 3",,,,,,,,,,,,,,,,,,,"7.71","13.65","19.12","13.45","19.75","19.75",,,"46.62","46.62",,,"12.24","12.24",,,,,"41.764333050000005","-87.67013475649105","POINT (-87.67013475649105 41.764333050000005)","DQRVM2041_2026-02-10T20_26"
"DHUBD2135","2026-01-27T00:08:20.000","Norwood Park 3",,,,,,,,,,,,,,,,,,,,,"15.46","9.54","9.93","9.93",,,"58.67","58.67",,,"-13.49","-13.49",,,,,"41.98985225","-87.78029629432729","POINT (-87.78029629432729 41.98985225)","DHUBD2135_2026-01-27T00_08"
"DSSQU9498","2026-01-27T05:47:07.000","Near North Side 4","996.0","996.0",,,,,,,,,,,,,,,,,,,"20.12","12.01","13.74","13.74","65.8","65.8","54.92","54.92","-12.2","-12.2","-9.88","-9.88","339.25","339.25","0.2","0.2","41.89454935","-87.63665349658982","POINT (-87.63665349658982 41.89454935)","DSSQU9498_2026-01-27T05_47"
"DMIYV7889","2026-02-10T03:49:41.000","O'Hare 2",,,,,,,,,,,,,,,,,,,"15.65","15.36","22.69","12.35","16.35","16.35",,,"64.85","64.85",,,"2.68","2.68",,,,,"41.96313028153143","-87.85304850279294","POINT (-87.85304850279294 41.96313028153143)","DMIYV7889_2026-02-10T03_49"
"DLIKU5639","2026-02-10T15:23:58.000","O'Hare 3",,,,,,,,,,,,,,,,,,,"19.93","22.56","52.73","25.96","42.38","42.38",,,"66.48","66.48",,,"5.54","5.54",,,,,"41.950080347637595","-87.85424652587339","POINT (-87.85424652587339 41.950080347637595)","DLIKU5639_2026-02-10T15_23"
"DEPLW3142","2026-01-26T20:27:37.000","Greater Grand Crossing 3",,,,,,,,,,,,,,,,,,,,,"14.38","13.16","9.28","9.28",,,"43.18","43.18",,,"-8.7","-8.7",,,,,"41.7640476","-87.60243825440212","POINT (-87.60243825440212 41.7640476)","DEPLW3142_2026-01-26T20_27"
"DAJHM7956","2026-01-26T13:14:55.000","South Chicago 3",,,,,,,,,,,,,,,,,,,,,"32.01","15.34","14.99","14.99",,,"64.42","64.42",,,"-16.21","-16.21",,,,,"41.73775017864213","-87.53549803584423","POINT (-87.53549803584423 41.73775017864213)","DAJHM7956_2026-01-26T13_14"
"DCABM0358","2026-02-10T06:25:32.000","South Lawndale 6",,,,,,,,,,,,,,,,,,,"15.28","14.29","33.42","17.87","21.49","21.49",,,"66.5","66.5",,,"2.98","2.98",,,,,"41.840363100000005","-87.73770467096696","POINT (-87.73770467096696 41.840363100000005)","DCABM0358_2026-02-10T06_25"
"DXXAJ4778","2026-01-26T16:40:38.000","West Lawn 3",,,,,,,,,,,,,,,,,,,,,"15.19","9.17","7.22","7.22",,,"57.33","57.33",,,"-14.41","-14.41",,,,,"41.7648253","-87.72039625875594","POINT (-87.72039625875594 41.7648253)","DXXAJ4778_2026-01-26T16_40"
"DXHYE9278","2026-01-27T12:23:10.000","Hegewisch 5",,,,,,,,,,,,,,,,,,,,,"57.39","19.91","24.25","24.25",,,"74.06","74.06",,,"-9.85","-9.85",,,,,"41.64887855","-87.56940151087389","POINT (-87.56940151087389 41.64887855)","DXHYE9278_2026-01-27T12_23"
"DMAFX5938","2026-02-11T00:05:25.000","Avalon Park 2",,,,,,,,,,,,,,,,,,,"15.56","12.85","45.78","21.31","35.05","35.05",,,"65.2","65.2",,,"5.23","5.23",,,,,"41.73883825","-87.5685253","POINT (-87.5685253 41.73883825)","DMAFX5938_2026-02-11T00_05"
"DNBKU3560","2026-02-10T19:53:24.000","West Englewood 1",,,,,,,,,,,,,,,,,,,"12.52","18.38","30.23","18.12","30.06","30.06",,,"50.0","50.0",,,"11.37","11.37",,,,,"41.78978595","-87.6695977816758","POINT (-87.6695977816758 41.78978595)","DNBKU3560_2026-02-10T19_53"
"DIHMX0551","2026-01-27T05:59:42.000","Humboldt Park 3",,,,,,,,,,,,,,,,,,,,,"24.46","16.07","14.99","14.99",,,"64.02","64.02",,,"-12.11","-12.11",,,,,"41.891075","-87.70279956945122","POINT (-87.70279956945122 41.891075)","DIHMX0551_2026-01-27T05_59"
"DJKZD4256","2026-02-10T23:47:50.000","Morgan Park 3",,,,,,,,,,,,,,,,,,,"19.38","14.4","24.35","15.88","19.39","19.39",,,"60.48","60.48",,,"6.05","6.05",,,,,"41.67869235","-87.67466474951416","POINT (-87.67466474951416 41.67869235)","DJKZD4256_2026-02-10T23_47"
"DWMKK1484","2026-02-10T03:30:58.000","Gage Park 2",,,,,,,,,,,,,,,,,,,"9.2","15.26","33.42","19.05","25.19","25.19",,,"62.78","62.78",,,"2.84","2.84",,,,,"41.802533999999994","-87.68644672022128","POINT (-87.68644672022128 41.802533999999994)","DWMKK1484_2026-02-10T03_30"
"DALBP5360","2026-01-26T13:32:19.000","Beverly 4",,,,,,,,,,,,,,,,,,,,,"7.77","5.97","4.88","4.88",,,"67.6","67.6",,,"-17.03","-17.03",,,,,"41.70569725","-87.67464569624644","POINT (-87.67464569624644 41.70569725)","DALBP5360_2026-01-26T13_32"
"DJSLY4013","2026-01-27T05:15:37.000","South Lawndale 1",,,,,,,,,,,,,,,,,,,,,"45.79","18.64","23.52","23.52",,,"64.97","64.97",,,"-12.08","-12.08",,,,,"41.85292095","-87.7031106219689","POINT (-87.7031106219689 41.85292095)","DJSLY4013_2026-01-27T05_15"
"DVRBW4874","2026-01-27T06:42:00.000","Logan Square 1",,,,,,,,,,,,,,,,,,,,,"19.02","10.61","8.99","8.99",,,"63.81","63.81",,,"-11.33","-11.33",,,,,"41.92963275","-87.71893702781998","POINT (-87.71893702781998 41.92963275)","DVRBW4874_2026-01-27T06_42"
"DMTRR1120","2026-01-27T00:23:16.000","Burnside 1",,,,,,,,,,,,,,,,,,,,,"7.88","8.57","5.5","5.5",,,"58.53","58.53",,,"-14.13","-14.13",,,,,"41.7264486","-87.60347733401628","POINT (-87.60347733401628 41.7264486)","DMTRR1120_2026-01-27T00_23"
"DPDDG5192","2026-01-27T12:31:49.000","Montclare 1",,,,,,,,,,,,,,,,,,,,,"38.64","16.23","22.09","22.09",,,"72.43","72.43",,,"-9.28","-9.28",,,,,"41.935839200000004","-87.79903217637985","POINT (-87.79903217637985 41.935839200000004)","DPDDG5192_2026-01-27T12_31"
"DVWMK9661","2026-02-10T23:50:39.000","Humboldt Park 4",,,,,,,,,,,,,,,,,,,"19.15","14.88","46.06","22.58","35.94","35.94",,,"62.1","62.1",,,"5.11","5.11",,,,,"41.89083265","-87.71959863710754","POINT (-87.71959863710754 41.89083265)","DVWMK9661_2026-02-10T23_50"
"DFQDK6326","2026-01-26T12:38:51.000","Beverly 1",,,,,,,,,,,,,,,,,,,,,"7.46","7.48","5.77","5.77",,,"64.59","64.59",,,"-16.74","-16.74",,,,,"41.732839299999995","-87.67465490628803","POINT (-87.67465490628803 41.732839299999995)","DFQDK6326_2026-01-26T12_38"
"DFIBC1899","2026-01-27T04:49:55.000","South Deering 7","997.0","997.0",,,,,,,,,,,,,,,,,,,"24.23","12.17","12.63","12.63","69.4","69.4","61.05","61.05","-14.1","-14.1","-12.18","-12.18","215.27","215.27","2.83","2.83","41.66442141105966","-87.58654247521171","POINT (-87.58654247521171 41.66442141105966)","DFIBC1899_2026-01-27T04_49"
"DBYCW6873","2026-01-26T18:12:52.000","Norwood Park 4",,,,,,,,,,,,,,,,,,,,,"8.73","7.31","4.36","4.36",,,"49.54","49.54",,,"-12.48","-12.48",,,,,"41.97643085","-87.79850802324188","POINT (-87.79850802324188 41.97643085)","DBYCW6873_2026-01-26T18_12"
"DZFVS4727","2026-02-10T21:35:48.000","Uptown 3",,,,,,,,,,,,,,,,,,,"16.47","14.51","34.58","21.04","35.69","35.69",,,"54.59","54.59",,,"8.86","8.86",,,,,"41.96208095","-87.65418214875386","POINT (-87.65418214875386 41.96208095)","DZFVS4727_2026-02-10T21_35"
"DQZEA3135","2026-01-27T04:03:26.000","South Deering 8",,,,,,,,,,,,,,,,,,,,,"53.33","20.34","29.8","29.8",,,"68.8","68.8",,,"-14.24","-14.24",,,,,"41.68798065","-87.58826181539257","POINT (-87.58826181539257 41.68798065)","DQZEA3135_2026-01-27T04_03"
"DVPZF1960","2026-01-27T04:19:16.000","Near West Side 4",,,,,,,,,,,,,,,,,,,,,"57.12","27.9","32.21","32.21",,,"68.24","68.24",,,"-13.25","-13.25",,,,,"41.86523824401148","-87.6352269900566","POINT (-87.6352269900566 41.86523824401148)","DVPZF1960_2026-01-27T04_19"
"DBDSX9338","2026-02-11T00:02:05.000","South Shore 2",,,,,,,,,,,,,,,,,,,"19.11","17.63","67.62","37.95","57.96","57.96",,,"66.16","66.16",,,"5.12","5.12",,,,,"41.76396055","-87.56920031233949","POINT (-87.56920031233949 41.76396055)","DBDSX9338_2026-02-11T00_02"
"DWGYM0810","2026-01-26T16:33:10.000","Avalon Park 1",,,,,,,,,,,,,,,,,,,,,"19.74","16.82","22.38","22.38",,,"54.8","54.8",,,"-12.89","-12.89",,,,,"41.7505205","-87.58579258993602","POINT (-87.58579258993602 41.7505205)","DWGYM0810_2026-01-26T16_33"
"DKISS7174","2026-01-27T12:32:46.000","West Elsdon 2",,,,,,,,,,,,,,,,,,,,,"36.83","21.1","20.06","20.06",,,"72.63","72.63",,,"-9.47","-9.47",,,,,"41.7898683","-87.72002286796209","POINT (-87.72002286796209 41.7898683)","DKISS7174_2026-01-27T12_32"
"DSKEW3707","2026-01-27T09:55:48.000","Washington Heights 2",,,,,,,,,,,,,,,,,,,,,"30.35","17.57","18.43","18.43",,,"68.79","68.79",,,"-10.25","-10.25",,,,,"41.72629795","-87.6365666647541","POINT (-87.6365666647541 41.72629795)","DSKEW3707_2026-01-27T09_55"
"DIXUN6634","2026-01-27T06:49:08.000","Ashburn 3",,,,,,,,,,,,,,,,,,,,,"35.85","19.66","19.4","19.4",,,"66.12","66.12",,,"-12.07","-12.07",,,,,"41.7521062","-87.70393644313098","POINT (-87.70393644313098 41.7521062)","DIXUN6634_2026-01-27T06_49"
"DXHCB5919","2026-01-26T17:25:12.000","Uptown 2","1004.0","1004.0",,,,,,,,,,,,,,,,,,,"9.08","8.31","6.19","6.19","51.0","51.0","43.02","43.02","-13.4","-13.4","-10.79","-10.79","339.54","339.54","1.99","1.99","41.97559665","-87.65386596902835","POINT (-87.65386596902835 41.97559665)","DXHCB5919_2026-01-26T17_25"
"DLDVK7370","2026-01-27T04:47:31.000","South Chicago 2",,,,,,,,,,,,,,,,,,,,,"32.94","14.56","15.09","15.09",,,"68.7","68.7",,,"-13.35","-13.35",,,,,"41.75137435","-87.55253841882741","POINT (-87.55253841882741 41.75137435)","DLDVK7370_2026-01-27T04_47"
"DCHTB8281","2026-01-26T16:17:25.000","Morgan Park 2",,,,,,,,,,,,,,,,,,,,,"14.88","8.44","7.39","7.39",,,"54.62","54.62",,,"-14.15","-14.15",,,,,"41.689594850000006","-87.65379678317397","POINT (-87.65379678317397 41.689594850000006)","DCHTB8281_2026-01-26T16_17"
"DSZQR8376","2026-02-10T20:39:16.000","Hegewisch 1",,,,,,,,,,,,,,,,,,,"6.87","7.43","37.31","18.68","28.21","28.21",,,"59.93","59.93",,,"7.81","7.81",,,,,"41.675190108549614","-87.53588600367534","POINT (-87.53588600367534 41.675190108549614)","DSZQR8376_2026-02-10T20_39"
"DWZPM1574","2026-02-10T20:50:08.000","West Town 5",,,,,,,,,,,,,,,,,,,"1.02","8.25","22.38","15.62","27.99","27.99",,,"43.9","43.9",,,"12.9","12.9",,,,,"41.89110265","-87.68577505408578","POINT (-87.68577505408578 41.89110265)","DWZPM1574_2026-02-10T20_50"
"DMAFX5938","2026-01-27T03:02:48.000","Avalon Park 2",,,,,,,,,,,,,,,,,,,,,"46.61","17.48","21.42","21.42",,,"70.42","70.42",,,"-14.55","-14.55",,,,,"41.73883825","-87.5685253","POINT (-87.5685253 41.73883825)","DMAFX5938_2026-01-27T03_02"
"DFIBC1899","2026-01-26T12:36:08.000","South Deering 7","1003.0","1003.0",,,,,,,,,,,,,,,,,,,"21.69","12.61","9.78","9.78","67.7","67.7","58.4","58.4","-17.0","-17.0","-14.8","-14.8","305.44","305.44","3.7","3.7","41.66442141105966","-87.58654247521171","POINT (-87.58654247521171 41.66442141105966)","DFIBC1899_2026-01-26T12_36"
"DZBKX0961","2026-02-10T06:05:32.000","Kenwood 1",,,,,,,,,,,,,,,,,,,"15.18","11.88","35.28","18.96","24.27","24.27",,,"67.01","67.01",,,"2.8","2.8",,,,,"41.8130536","-87.60098186266059","POINT (-87.60098186266059 41.8130536)","DZBKX0961_2026-02-10T06_05"
"DYWEY8508","2026-01-27T02:41:57.000","Lake View 2",,,,,,,,,,,,,,,,,,,,,"11.58","9.33","7.45","7.45",,,"62.81","62.81",,,"-13.77","-13.77",,,,,"41.9485634","-87.65401427559598","POINT (-87.65401427559598 41.9485634)","DYWEY8508_2026-01-27T02_41"
"DFKYH6865","2026-01-27T00:33:40.000","Morgan Park 1",,,,,,,,,,,,,,,,,,,,,"7.77","8.08","5.47","5.47",,,"60.75","60.75",,,"-14.37","-14.37",,,,,"41.69223635","-87.67489329295597","POINT (-87.67489329295597 41.69223635)","DFKYH6865_2026-01-27T00_33"
"DQAJZ3770","2026-02-10T20:45:05.000","Logan Square 2",,,,,,,,,,,,,,,,,,,"4.27","13.48","22.78","16.54","21.55","21.55",,,"47.4","47.4",,,"12.07","12.07",,,,,"41.92201145","-87.67250156057692","POINT (-87.67250156057692 41.92201145)","DQAJZ3770_2026-02-10T20_45"
"DLJWW1620","2026-02-10T23:47:26.000","Englewood 2",,,,,,,,,,,,,,,,,,,"19.84","17.91","44.75","24.07","41.81","41.81",,,"61.79","61.79",,,"5.9","5.9",,,,,"41.78957595","-87.63489407489742","POINT (-87.63489407489742 41.78957595)","DLJWW1620_2026-02-10T23_47"
"DQRVM2041","2026-01-27T12:13:18.000","West Englewood 3",,,,,,,,,,,,,,,,,,,,,"28.65","12.37","15.37","15.37",,,"72.52","72.52",,,"-9.61","-9.61",,,,,"41.764333050000005","-87.67013475649105","POINT (-87.67013475649105 41.764333050000005)","DQRVM2041_2026-01-27T12_13"
"DPDDG5192","2026-01-27T07:40:27.000","Montclare 1",,,,,,,,,,,,,,,,,,,,,"34.19","16.93","18.38","18.38",,,"65.79","65.79",,,"-11.46","-11.46",,,,,"41.935839200000004","-87.79903217637985","POINT (-87.79903217637985 41.935839200000004)","DPDDG5192_2026-01-27T07_40"
"DVPEA0040","2026-01-27T02:51:41.000","Auburn Gresham 1",,,,,,,,,,,,,,,,,,,,,"42.77","19.24","24.22","24.22",,,"70.71","70.71",,,"-14.79","-14.79",,,,,"41.75224785","-87.66918975845675","POINT (-87.66918975845675 41.75224785)","DVPEA0040_2026-01-27T02_51"
"DWMUZ3935","2026-01-27T03:27:56.000","Lincoln Square 2",,,,,,,,,,,,,,,,,,,,,"44.8","22.6","26.3","26.3",,,"67.27","67.27",,,"-13.26","-13.26",,,,,"41.962318350000004","-87.69021417611607","POINT (-87.69021417611607 41.962318350000004)","DWMUZ3935_2026-01-27T03_27"
"DKRXT7147","2026-01-27T12:13:21.000","Roseland 4",,,,,,,,,,,,,,,,,,,,,"32.39","15.17","16.93","16.93",,,"72.36","72.36",,,"-9.95","-9.95",,,,,"41.68874295","-87.62059497344643","POINT (-87.62059497344643 41.68874295)","DKRXT7147_2026-01-27T12_13"
"DSSQU9498","2026-01-26T19:09:01.000","Near North Side 4","1004.0","1004.0",,,,,,,,,,,,,,,,,,,"8.92","8.46","6.35","6.35","45.1","45.1","41.85","41.85","-9.9","-9.9","-9.29","-9.29","306.79","306.79","1.79","1.79","41.89454935","-87.63665349658982","POINT (-87.63665349658982 41.89454935)","DSSQU9498_2026-01-26T19_09"
"DTVYY1142","2026-01-27T09:50:39.000","Lower West Side 3",,,,,,,,,,,,,,,,,,,,,"37.73","18.06","18.18","18.18",,,"69.04","69.04",,,"-10.25","-10.25",,,,,"41.85322215","-87.65232092746314","POINT (-87.65232092746314 41.85322215)","DTVYY1142_2026-01-27T09_50"
"DDQNT6485","2026-01-27T14:38:16.000","Armour Square 1",,,,,,,,,,,,,,,,,,,,,"15.12","10.0","9.47","9.47",,,"61.94","61.94",,,"-8.63","-8.63",,,,,"41.85262982537949","-87.63531098320047","POINT (-87.63531098320047 41.85262982537949)","DDQNT6485_2026-01-27T14_38"
"DATLR2184","2026-01-27T09:15:28.000","Brighton Park 1",,,,,,,,,,,,,,,,,,,,,"33.99","17.94","18.43","18.43",,,"67.79","67.79",,,"-10.55","-10.55",,,,,"41.82784155","-87.70286514736534","POINT (-87.70286514736534 41.82784155)","DATLR2184_2026-01-27T09_15"
"DQZIL1804","2026-02-10T13:54:53.000","Brighton Park 2",,,,,,,,,,,,,,,,,,,"36.89","32.54","52.5","23.61","44.64","44.64",,,"72.41","72.41",,,"3.89","3.89",,,,,"41.8150889","-87.68617463894653","POINT (-87.68617463894653 41.8150889)","DQZIL1804_2026-02-10T13_54"
"DGRCH4426","2026-01-27T11:51:22.000","West Ridge 3",,,,,,,,,,,,,,,,,,,,,"35.21","13.37","16.2","16.2",,,"73.04","73.04",,,"-9.72","-9.72",,,,,"42.002902250000005","-87.6903495","POINT (-87.6903495 42.002902250000005)","DGRCH4426_2026-01-27T11_51"
"DIUDG6358","2026-01-26T22:16:45.000","North Lawndale 5",,,,,,,,,,,,,,,,,,,,,"31.18","16.45","14.64","14.64",,,"56.61","56.61",,,"-11.64","-11.64",,,,,"41.8528468","-87.7363577","POINT (-87.7363577 41.8528468)","DIUDG6358_2026-01-26T22_16"
"DVWMK9661","2026-01-27T13:58:19.000","Humboldt Park 4",,,,,,,,,,,,,,,,,,,,,"20.04","10.59","11.41","11.41",,,"64.58","64.58",,,"-9.31","-9.31",,,,,"41.89083265","-87.71959863710754","POINT (-87.71959863710754 41.89083265)","DVWMK9661_2026-01-27T13_58"
"DVPZF1960","2026-01-26T18:10:36.000","Near West Side 4",,,,,,,,,,,,,,,,,,,,,"25.53","17.37","13.9","13.9",,,"53.38","53.38",,,"-13.69","-13.69",,,,,"41.86523824401148","-87.6352269900566","POINT (-87.6352269900566 41.86523824401148)","DVPZF1960_2026-01-26T18_10"
"DJWGZ0445","2026-02-11T00:02:12.000","Grand Boulevard 1",,,,,,,,,,,,,,,,,,,"34.66","21.07","44.52","23.08","41.46","41.46",,,"64.36","64.36",,,"5.31","5.31",,,,,"41.814588650000005","-87.61885441047625","POINT (-87.61885441047625 41.814588650000005)","DJWGZ0445_2026-02-11T00_02"
"DPMWW4120","2026-01-27T02:30:17.000","Garfield Ridge 3",,,,,,,,,,,,,,,,,,,,,"25.46","11.79","13.5","13.5",,,"68.05","68.05",,,"-14.57","-14.57",,,,,"41.7872597","-87.78189702338281","POINT (-87.78189702338281 41.7872597)","DPMWW4120_2026-01-27T02_30"
"DUSKD5383","2026-01-27T11:28:54.000","Dunning 2",,,,,,,,,,,,,,,,,,,,,"33.08","16.76","20.65","20.65",,,"72.69","72.69",,,"-9.99","-9.99",,,,,"41.9494264","-87.81722894476465","POINT (-87.81722894476465 41.9494264)","DUSKD5383_2026-01-27T11_28"
"DFKYH6865","2026-02-10T23:49:29.000","Morgan Park 1",,,,,,,,,,,,,,,,,,,"18.9","15.62","40.94","22.02","27.08","27.08",,,"61.33","61.33",,,"5.87","5.87",,,,,"41.69223635","-87.67489329295597","POINT (-87.67489329295597 41.69223635)","DFKYH6865_2026-02-10T23_49"
"DGHRH9009","2026-01-27T04:04:52.000","Gage Park 1",,,,,,,,,,,,,,,,,,,,,"13.81","7.0","7.46","7.46",,,"69.72","69.72",,,"-13.9","-13.9",,,,,"41.8029067","-87.70321051434516","POINT (-87.70321051434516 41.8029067)","DGHRH9009_2026-01-27T04_04"
"DEQFM3089","2026-02-10T14:01:21.000","Mayfair Collocation 3",,,,,,,,,,,,,,,,,,,"23.9","22.51","49.16","22.91","40.89","40.89",,,"69.83","69.83",,,"4.2","4.2",,,,,"41.964742","-87.749434","POINT (-87.749434 41.964742)","DEQFM3089_2026-02-10T14_01"
"DLTCH1397","2026-01-26T22:32:57.000","Woodlawn 2",,,,,,,,,,,,,,,,,,,,,"22.38","12.2","11.36","11.36",,,"56.54","56.54",,,"-12.36","-12.36",,,,,"41.77677010295759","-87.58579570605767","POINT (-87.58579570605767 41.77677010295759)","DLTCH1397_2026-01-26T22_32"
"DITUM6528","2026-02-10T23:29:57.000","Near West Side 1",,,,,,,,,,,,,,,,,,,"19.48","17.42","44.31","22.67","35.04","35.04",,,"57.32","57.32",,,"6.98","6.98",,,,,"41.878339049999994","-87.68552865180365","POINT (-87.68552865180365 41.878339049999994)","DITUM6528_2026-02-10T23_29"
"DGGGM0466","2026-02-10T20:51:37.000","Bridgeport 1",,,,,,,,,,,,,,,,,,,"11.24","15.81","29.45","15.88","21.95","21.95",,,"53.26","53.26",,,"9.79","9.79",,,,,"41.840132100000005","-87.65224955235848","POINT (-87.65224955235848 41.840132100000005)","DGGGM0466_2026-02-10T20_51"
"DSZQR8376","2026-01-27T03:54:58.000","Hegewisch 1",,,,,,,,,,,,,,,,,,,,,"52.84","19.99","24.63","24.63",,,"68.15","68.15",,,"-13.65","-13.65",,,,,"41.675190108549614","-87.53588600367534","POINT (-87.53588600367534 41.675190108549614)","DSZQR8376_2026-01-27T03_54"
"DGZUS1041","2026-02-10T15:35:13.000","East Side 1",,,,,,,,,,,,,,,,,,,"20.73","24.16","53.55","26.93","48.51","48.51",,,"64.26","64.26",,,"6.77","6.77",,,,,"41.726048000000006","-87.53635402286871","POINT (-87.53635402286871 41.726048000000006)","DGZUS1041_2026-02-10T15_35"
"DRDZF3698","2026-02-10T21:36:18.000","Austin 1",,,,,,,,,,,,,,,,,,,"16.52","19.34","32.81","18.79","25.28","25.28",,,"52.89","52.89",,,"9.06","9.06",,,,,"41.9157582","-87.76919201601461","POINT (-87.76919201601461 41.9157582)","DRDZF3698_2026-02-10T21_36"
"DEJMD2536","2026-01-27T04:48:26.000","O'Hare 1",,,,,,,,,,,,,,,,,,,,,"26.92","15.77","15.72","15.72",,,"65.24","65.24",,,"-12.77","-12.77",,,,,"41.9762844","-87.8527641","POINT (-87.8527641 41.9762844)","DEJMD2536_2026-01-27T04_48"
"DBIRF2035","2026-01-27T14:45:47.000","Gage Park 4",,,,,,,,,,,,,,,,,,,,,"9.81","8.76","7.45","7.45",,,"61.21","61.21",,,"-8.14","-8.14",,,,,"41.79007765","-87.70310395085426","POINT (-87.70310395085426 41.79007765)","DBIRF2035_2026-01-27T14_45"
"DPCUT7707","2026-02-10T04:53:35.000","Loop 2",,,,,,,,,,,,,,,,,,,"35.49","30.59","35.42","17.13","23.71","23.71",,,"65.33","65.33",,,"2.84","2.84",,,,,"41.88090137336072","-87.61873552600863","POINT (-87.61873552600863 41.88090137336072)","DPCUT7707_2026-02-10T04_53"
"DXWXZ1902","2026-02-10T06:06:28.000","South Deering 1",,,,,,,,,,,,,,,,,,,"9.79","17.72","41.06","19.56","24.91","24.91",,,"65.7","65.7",,,"2.68","2.68",,,,,"41.71372895","-87.56962240593828","POINT (-87.56962240593828 41.71372895)","DXWXZ1902_2026-02-10T06_06"
"DJSLY4013","2026-02-10T21:38:42.000","South Lawndale 1",,,,,,,,,,,,,,,,,,,"18.34","27.18","34.23","19.5","29.47","29.47",,,"48.14","48.14",,,"10.69","10.69",,,,,"41.85292095","-87.7031106219689","POINT (-87.7031106219689 41.85292095)","DJSLY4013_2026-02-10T21_38"
"DFDVG9143","2026-02-10T23:39:59.000","Pullman 3",,,,,,,,,,,,,,,,,,,"14.16","13.51","43.19","23.56","29.3","29.3",,,"61.3","61.3",,,"6.23","6.23",,,,,"41.70084025","-87.60406122014103","POINT (-87.60406122014103 41.70084025)","DFDVG9143_2026-02-10T23_39"
"DYRMT9480","2026-01-27T14:00:18.000","West Ridge 2",,,,,,,,,,,,,,,,,,,,,"12.65","7.47","8.09","8.09",,,"63.27","63.27",,,"-8.91","-8.91",,,,,"42.01638365","-87.68983284925712","POINT (-87.68983284925712 42.01638365)","DYRMT9480_2026-01-27T14_00"
"DSKDX3738","2026-01-27T10:23:07.000","Armour Square 3",,,,,,,,,,,,,,,,,,,,,"39.33","16.31","19.25","19.25",,,"69.42","69.42",,,"-9.94","-9.94",,,,,"41.828308899999996","-87.63464506377693","POINT (-87.63464506377693 41.828308899999996)","DSKDX3738_2026-01-27T10_23"
"DCFVE7122","2026-01-27T11:55:17.000","New City 3",,,,,,,,,,,,,,,,,,,,,"29.4","14.2","15.36","15.36",,,"70.7","70.7",,,"-9.72","-9.72",,,,,"41.801765700000004","-87.63592810040294","POINT (-87.63592810040294 41.801765700000004)","DCFVE7122_2026-01-27T11_55"
"DSSQU9498","2026-01-27T03:36:59.000","Near North Side 4","999.0","999.0",,,,,,,,,,,,,,,,,,,"23.19","12.96","14.61","14.61","69.9","69.9","57.49","57.49","-14.0","-14.0","-11.6","-11.6","30.4","30.4","0.9","0.9","41.89454935","-87.63665349658982","POINT (-87.63665349658982 41.89454935)","DSSQU9498_2026-01-27T03_36"
"DQAJZ3770","2026-01-27T06:11:43.000","Logan Square 2",,,,,,,,,,,,,,,,,,,,,"26.5","14.95","14.16","14.16",,,"64.49","64.49",,,"-11.56","-11.56",,,,,"41.92201145","-87.67250156057692","POINT (-87.67250156057692 41.92201145)","DQAJZ3770_2026-01-27T06_11"
"DJKZD4256","2026-01-26T23:19:31.000","Morgan Park 3",,,,,,,,,,,,,,,,,,,,,"11.77","8.3","6.65","6.65",,,"60.77","60.77",,,"-13.48","-13.48",,,,,"41.67869235","-87.67466474951416","POINT (-87.67466474951416 41.67869235)","DJKZD4256_2026-01-26T23_19"
"DSHWY2305","2026-01-27T07:42:16.000","Irving Park 3",,,,,,,,,,,,,,,,,,,,,"33.18","14.93","15.58","15.58",,,"65.48","65.48",,,"-11.28","-11.28",,,,,"41.9490356","-87.72654561437082","POINT (-87.72654561437082 41.9490356)","DSHWY2305_2026-01-27T07_42"
"DARLP7776","2026-01-26T15:51:09.000","Armour Square 2",,,,,,,,,,,,,,,,,,,,,"13.5","9.23","6.44","6.44",,,"57.06","57.06",,,"-14.25","-14.25",,,,,"41.840014499999995","-87.63555596912866","POINT (-87.63555596912866 41.840014499999995)","DARLP7776_2026-01-26T15_51"
"DTUGZ9693","2026-01-26T13:34:26.000","Lake View 3",,,,,,,,,,,,,,,,,,,,,"10.15","7.19","5.46","5.46",,,"62.64","62.64",,,"-15.02","-15.02",,,,,"41.93498346759276","-87.63645802882175","POINT (-87.63645802882175 41.93498346759276)","DTUGZ9693_2026-01-26T13_34"
"DGZUS1041","2026-01-26T18:15:59.000","East Side 1",,,,,,,,,,,,,,,,,,,,,"18.81","11.36","9.61","9.61",,,"50.28","50.28",,,"-13.03","-13.03",,,,,"41.726048000000006","-87.53635402286871","POINT (-87.53635402286871 41.726048000000006)","DGZUS1041_2026-01-26T18_15"
"DBIZF0451","2026-01-26T19:41:16.000","West Pullman 2",,,,,,,,,,,,,,,,,,,,,"17.27","11.5","8.11","8.11",,,"50.09","50.09",,,"-11.44","-11.44",,,,,"41.6758357","-87.63729348709609","POINT (-87.63729348709609 41.6758357)","DBIZF0451_2026-01-26T19_41"
"DVRBW4874","2026-02-10T21:08:47.000","Logan Square 1",,,,,,,,,,,,,,,,,,,"3.54","11.21","29.0","16.32","22.98","22.98",,,"50.06","50.06",,,"10.45","10.45",,,,,"41.92963275","-87.71893702781998","POINT (-87.71893702781998 41.92963275)","DVRBW4874_2026-02-10T21_08"
"DFNBI6922","2026-01-26T14:31:51.000","Mount Greenwood 2",,,,,,,,,,,,,,,,,,,,,"15.85","9.32","7.69","7.69",,,"63.52","63.52",,,"-15.63","-15.63",,,,,"41.69236885","-87.71085274557561","POINT (-87.71085274557561 41.69236885)","DFNBI6922_2026-01-26T14_31"
"DQIUL8061","2026-01-26T21:15:26.000","South Shore 1",,,,,,,,,,,,,,,,,,,,,"135.6","73.66","71.29","71.29",,,"52.84","52.84",,,"-10.66","-10.66",,,,,"41.7641265","-87.5857492","POINT (-87.5857492 41.7641265)","DQIUL8061_2026-01-26T21_15"
"DPBXQ5234","2026-01-26T20:56:19.000","North Park 2",,,,,,,,,,,,,,,,,,,,,"18.88","12.89","12.08","12.08",,,"48.85","48.85",,,"-10.64","-10.64",,,,,"41.9761239","-87.70826650469988","POINT (-87.70826650469988 41.9761239)","DPBXQ5234_2026-01-26T20_56"
"DSHYP2656","2026-01-27T09:09:48.000","Auburn Gresham 2",,,,,,,,,,,,,,,,,,,,,"29.94","14.12","15.83","15.83",,,"67.33","67.33",,,"-10.61","-10.61",,,,,"41.75200485","-87.65331955036021","POINT (-87.65331955036021 41.75200485)","DSHYP2656_2026-01-27T09_09"
"DTKNM4892","2026-02-10T05:48:10.000","Beverly 3",,,,,,,,,,,,,,,,,,,"18.63","17.19","27.69","16.1","22.35","22.35",,,"66.2","66.2",,,"2.69","2.69",,,,,"41.705905900000005","-87.65691952734281","POINT (-87.65691952734281 41.705905900000005)","DTKNM4892_2026-02-10T05_48"
"DXHYE9278","2026-02-10T21:48:07.000","Hegewisch 5",,,,,,,,,,,,,,,,,,,"17.12","17.61","36.67","18.34","25.63","25.63",,,"59.17","59.17",,,"7.88","7.88",,,,,"41.64887855","-87.56940151087389","POINT (-87.56940151087389 41.64887855)","DXHYE9278_2026-02-10T21_48"
"DHSIJ5379","2026-01-27T06:49:55.000","Washington Heights 1",,,,,,,,,,,,,,,,,,,,,"22.59","14.38","12.4","12.4",,,"66.12","66.12",,,"-11.9","-11.9",,,,,"41.72668335","-87.6533731","POINT (-87.6533731 41.72668335)","DHSIJ5379_2026-01-27T06_49"
"DIXEX6164","2026-01-27T12:03:38.000","Calumet Heights 1",,,,,,,,,,,,,,,,,,,,,"29.39","12.21","14.27","14.27",,,"72.36","72.36",,,"-9.98","-9.98",,,,,"41.72612465","-87.58623674140375","POINT (-87.58623674140375 41.72612465)","DIXEX6164_2026-01-27T12_03"
"DZIHS7092","2026-02-10T14:51:11.000","Archer Heights 2",,,,,,,,,,,,,,,,,,,"18.78","22.81","56.12","26.88","53.66","53.66",,,"67.3","67.3",,,"5.6","5.6",,,,,"41.81532825167885","-87.71997399657484","POINT (-87.71997399657484 41.81532825167885)","DZIHS7092_2026-02-10T14_51"
"DIRJX6254","2026-02-10T21:10:46.000","Greater Grand Crossing 2",,,,,,,,,,,,,,,,,,,"23.64","23.36","37.3","22.03","35.06","35.06",,,"54.38","54.38",,,"9.84","9.84",,,,,"41.76421335","-87.61966303201764","POINT (-87.61966303201764 41.76421335)","DIRJX6254_2026-02-10T21_10"
"DTFVD6048","2026-01-27T02:11:58.000","Riverdale 1",,,,,,,,,,,,,,,,,,,,,"25.2","12.39","13.32","13.32",,,"70.53","70.53",,,"-15.42","-15.42",,,,,"41.67589005","-87.60362888146102","POINT (-87.60362888146102 41.67589005)","DTFVD6048_2026-01-27T02_11"
"DRDMU5348","2026-01-26T18:40:37.000","Washington Heights 3",,,,,,,,,,,,,,,,,,,,,"4.19","7.3","4.28","4.28",,,"49.77","49.77",,,"-11.04","-11.04",,,,,"41.71400135","-87.63668979964916","POINT (-87.63668979964916 41.71400135)","DRDMU5348_2026-01-26T18_40"
"DAYYE9472","2026-01-26T16:30:40.000","Hyde Park 3",,,,,,,,,,,,,,,,,,,,,"7.14","9.45","5.56","5.56",,,"56.5","56.5",,,"-12.8","-12.8",,,,,"41.7847049","-87.58248692116234","POINT (-87.58248692116234 41.7847049)","DAYYE9472_2026-01-26T16_30"
"DEIDA3268","2026-01-27T12:16:05.000","Near North Side 1",,,,,,,,,,,,,,,,,,,,,"15.54","9.99","8.97","8.97",,,"73.42","73.42",,,"-9.49","-9.49",,,,,"41.908086850000004","-87.65476058225389","POINT (-87.65476058225389 41.908086850000004)","DEIDA3268_2026-01-27T12_16"
"DAPBK7657","2026-01-26T13:25:55.000","South Lawndale 2",,,,,,,,,,,,,,,,,,,,,"11.85","7.73","5.98","5.98",,,"65.09","65.09",,,"-16.0","-16.0",,,,,"41.8402538","-87.70343516174668","POINT (-87.70343516174668 41.8402538)","DAPBK7657_2026-01-26T13_25"
"DIUDG6358","2026-02-10T14:46:46.000","North Lawndale 5",,,,,,,,,,,,,,,,,,,"19.63","28.0","69.75","34.13","60.44","60.44",,,"66.77","66.77",,,"5.75","5.75",,,,,"41.8528468","-87.7363577","POINT (-87.7363577 41.8528468)","DIUDG6358_2026-02-10T14_46"
"DCIJQ7018","2026-02-10T15:08:46.000","West Ridge 6",,,,,,,,,,,,,,,,,,,"15.64","22.31","47.12","25.64","45.01","45.01",,,"66.73","66.73",,,"5.39","5.39",,,,,"42.002863700000006","-87.70792946030201","POINT (-87.70792946030201 42.002863700000006)","DCIJQ7018_2026-02-10T15_08"
"DWTBM7891","2026-01-27T14:28:54.000","Woodlawn 1",,,,,,,,,,,,,,,,,,,,,"11.69","8.94","9.03","9.03",,,"63.51","63.51",,,"-8.66","-8.66",,,,,"41.77673266666667","-87.60245566666666","POINT (-87.60245566666666 41.77673266666667)","DWTBM7891_2026-01-27T14_28"
"DRILK5150","2026-01-27T11:33:35.000","East Garfield Park 1",,,,,,,,,,,,,,,,,,,,,"29.88","12.39","17.61","17.61",,,"71.89","71.89",,,"-9.72","-9.72",,,,,"41.87824475","-87.71895694228435","POINT (-87.71895694228435 41.87824475)","DRILK5150_2026-01-27T11_33"
"DZFFW4078","2026-01-27T14:48:28.000","Hegewisch 3",,,,,,,,,,,,,,,,,,,,,"10.81","9.32","6.64","6.64",,,"60.07","60.07",,,"-8.67","-8.67",,,,,"41.650308100000004","-87.53657469999999","POINT (-87.53657469999999 41.650308100000004)","DZFFW4078_2026-01-27T14_48"
"DQUUS8611","2026-01-27T12:15:23.000","West Town 4",,,,,,,,,,,,,,,,,,,,,"16.27","9.2","10.12","10.12",,,"72.4","72.4",,,"-9.47","-9.47",,,,,"41.8948325","-87.67276417877609","POINT (-87.67276417877609 41.8948325)","DQUUS8611_2026-01-27T12_15"
"DHQVH8975","2026-01-27T10:11:28.000","Near West Side 6",,,,,,,,,,,,,,,,,,,,,"32.56","14.14","14.97","14.97",,,"70.01","70.01",,,"-10.16","-10.16",,,,,"41.865828699999994","-87.6686530821062","POINT (-87.6686530821062 41.865828699999994)","DHQVH8975_2026-01-27T10_11"
"DFMDU1576","2026-01-27T06:46:25.000","Greater Grand Crossing 1",,,,,,,,,,,,,,,,,,,,,"34.24","17.84","19.86","19.86",,,"64.97","64.97",,,"-11.75","-11.75",,,,,"41.7770346","-87.61823783345807","POINT (-87.61823783345807 41.7770346)","DFMDU1576_2026-01-27T06_46"
"DMKJB8675","2026-01-26T14:34:43.000","Avalon Park 3",,,,,,,,,,,,,,,,,,,,,"16.77","10.61","8.37","8.37",,,"63.11","63.11",,,"-15.39","-15.39",,,,,"41.73896995","-87.58611561643349","POINT (-87.58611561643349 41.73896995)","DMKJB8675_2026-01-26T14_34"
"DDGFW8206","2026-01-27T00:30:26.000","Englewood 3",,,,,,,,,,,,,,,,,,,,,"5.73","5.14","3.65","3.65",,,"60.84","60.84",,,"-14.12","-14.12",,,,,"41.77689575","-87.635949892389","POINT (-87.635949892389 41.77689575)","DDGFW8206_2026-01-27T00_30"
"DFKYH6865","2026-01-26T19:00:29.000","Morgan Park 1",,,,,,,,,,,,,,,,,,,,,"5.08","7.98","3.56","3.56",,,"51.64","51.64",,,"-11.89","-11.89",,,,,"41.69223635","-87.67489329295597","POINT (-87.67489329295597 41.69223635)","DFKYH6865_2026-01-26T19_00"
"DNCCJ5144","2026-01-27T03:30:39.000","Portage Park 1",,,,,,,,,,,,,,,,,,,,,"41.17","16.54","20.43","20.43",,,"67.98","67.98",,,"-13.18","-13.18",,,,,"41.962849","-87.78047373603852","POINT (-87.78047373603852 41.962849)","DNCCJ5144_2026-01-27T03_30"
"DKDJK5693","2026-01-26T14:19:40.000","Roseland 1",,,,,,,,,,,,,,,,,,,,,"17.96","11.92","11.53","11.53",,,"64.63","64.63",,,"-16.16","-16.16",,,,,"41.726565","-87.61949170539359","POINT (-87.61949170539359 41.726565)","DKDJK5693_2026-01-26T14_19"
"DCAFN1583","2026-01-26T18:31:45.000","South Lawndale 5",,,,,,,,,,,,,,,,,,,,,"13.81","11.49","7.61","7.61",,,"49.76","49.76",,,"-12.16","-12.16",,,,,"41.827545400000005","-87.73584967759197","POINT (-87.73584967759197 41.827545400000005)","DCAFN1583_2026-01-26T18_31"
"DPMWW4120","2026-01-26T13:32:25.000","Garfield Ridge 3",,,,,,,,,,,,,,,,,,,,,"17.31","8.41","8.43","8.43",,,"67.01","67.01",,,"-16.52","-16.52",,,,,"41.7872597","-87.78189702338281","POINT (-87.78189702338281 41.7872597)","DPMWW4120_2026-01-26T13_32"
"DGKDK3415","2026-01-26T12:23:49.000","Irving Park 4",,,,,,,,,,,,,,,,,,,,,"9.96","7.01","5.1","5.1",,,"64.65","64.65",,,"-16.11","-16.11",,,,,"41.941522899999995","-87.73560494297779","POINT (-87.73560494297779 41.941522899999995)","DGKDK3415_2026-01-26T12_23"
"DEQFM3089","2026-02-10T05:59:58.000","Mayfair Collocation 3",,,,,,,,,,,,,,,,,,,"17.96","15.79","19.04","9.78","15.08","15.08",,,"66.34","66.34",,,"3.03","3.03",,,,,"41.964742","-87.749434","POINT (-87.749434 41.964742)","DEQFM3089_2026-02-10T05_59"
"DPNPJ6846","2026-02-10T23:17:50.000","New City 2",,,,,,,,,,,,,,,,,,,"16.38","18.51","46.0","24.58","36.89","36.89",,,"58.09","58.09",,,"7.17","7.17",,,,,"41.81485945","-87.65156300549928","POINT (-87.65156300549928 41.81485945)","DPNPJ6846_2026-02-10T23_17"
"DBIRF2035","2026-02-10T20:24:24.000","Gage Park 4",,,,,,,,,,,,,,,,,,,"16.19","17.45","25.33","16.91","24.02","24.02",,,"51.29","51.29",,,"11.33","11.33",,,,,"41.79007765","-87.70310395085426","POINT (-87.70310395085426 41.79007765)","DBIRF2035_2026-02-10T20_24"
"DMARJ5120","2026-01-27T14:46:29.000","Hyde Park 1",,,,,,,,,,,,,,,,,,,,,"17.07","8.9","9.83","9.83",,,"62.73","62.73",,,"-8.68","-8.68",,,,,"41.79964665","-87.60179992085315","POINT (-87.60179992085315 41.79964665)","DMARJ5120_2026-01-27T14_46"
"DHNQG0980","2026-01-26T22:03:04.000","Irving Park 1",,,,,,,,,,,,,,,,,,,,,"30.62","17.68","21.49","21.49",,,"54.16","54.16",,,"-11.51","-11.51",,,,,"41.96257933331695","-87.74452053946244","POINT (-87.74452053946244 41.96257933331695)","DHNQG0980_2026-01-26T22_03"
"DWZRL1539","2026-01-26T22:44:57.000","Hermosa 2",,,,,,,,,,,,,,,,,,,,,"14.23","11.5","9.46","9.46",,,"57.11","57.11",,,"-11.99","-11.99",,,,,"41.916261","-87.73604474675119","POINT (-87.73604474675119 41.916261)","DWZRL1539_2026-01-26T22_44"
"DCAFN1583","2026-01-26T23:46:20.000","South Lawndale 5",,,,,,,,,,,,,,,,,,,,,"37.48","20.05","20.06","20.06",,,"60.91","60.91",,,"-13.28","-13.28",,,,,"41.827545400000005","-87.73584967759197","POINT (-87.73584967759197 41.827545400000005)","DCAFN1583_2026-01-26T23_46"
"DXHCB5919","2026-01-27T11:31:54.000","Uptown 2","992.0","992.0",,,,,,,,,,,,,,,,,,,"22.96","12.24","13.61","13.61","74.3","74.3","61.83","61.83","-10.7","-10.7","-8.02","-8.02","330.29","330.29","2.06","2.06","41.97559665","-87.65386596902835","POINT (-87.65386596902835 41.97559665)","DXHCB5919_2026-01-27T11_31"
"DJIHM1001","2026-02-10T20:29:46.000","West Town 1",,,,,,,,,,,,,,,,,,,"16.4","21.72","22.96","14.83","21.61","21.61",,,"53.46","53.46",,,"9.62","9.62",,,,,"41.90832880000001","-87.69056941589595","POINT (-87.69056941589595 41.90832880000001)","DJIHM1001_2026-02-10T20_29"
"DKWDP4373","2026-01-27T03:50:24.000","Lake View 4",,,,,,,,,,,,,,,,,,,,,"30.41","13.7","15.53","15.53",,,"68.49","68.49",,,"-13.31","-13.31",,,,,"41.93506775","-87.65427066335096","POINT (-87.65427066335096 41.93506775)","DKWDP4373_2026-01-27T03_50"
"DGTDZ6242","2026-01-27T00:49:21.000","Forest Glen 3",,,,,,,,,,,,,,,,,,,,,"3.96","6.36","4.21","4.21",,,"59.4","59.4",,,"-14.16","-14.16",,,,,"41.98958085","-87.74435264432117","POINT (-87.74435264432117 41.98958085)","DGTDZ6242_2026-01-27T00_49"
"DFIRX1818","2026-01-27T05:28:54.000","Pullman 4",,,,,,,,,,,,,,,,,,,,,"40.44","18.61","18.37","18.37",,,"66.92","66.92",,,"-13.2","-13.2",,,,,"41.688425949999996","-87.60256092387152","POINT (-87.60256092387152 41.688425949999996)","DFIRX1818_2026-01-27T05_28"
"DIXEX6164","2026-02-10T20:44:37.000","Calumet Heights 1",,,,,,,,,,,,,,,,,,,"11.03","9.04","37.04","19.89","31.19","31.19",,,"54.07","54.07",,,"9.7","9.7",,,,,"41.72612465","-87.58623674140375","POINT (-87.58623674140375 41.72612465)","DIXEX6164_2026-02-10T20_44"
"DPWHE0976","2026-01-26T14:36:56.000","Fuller Park 1",,,,,,,,,,,,,,,,,,,,,"17.42","10.53","9.99","9.99",,,"61.14","61.14",,,"-14.63","-14.63",,,,,"41.81472425","-87.63492704556565","POINT (-87.63492704556565 41.81472425)","DPWHE0976_2026-01-26T14_36"
"DRILK5150","2026-01-27T06:05:50.000","East Garfield Park 1",,,,,,,,,,,,,,,,,,,,,"47.65","19.65","24.51","24.51",,,"65.37","65.37",,,"-12.19","-12.19",,,,,"41.87824475","-87.71895694228435","POINT (-87.71895694228435 41.87824475)","DRILK5150_2026-01-27T06_05"
"DIPDE7442","2026-01-27T11:36:08.000","Schiller Park Collocation 3",,,,,,,,,,,,,,,,,,,,,"36.99","17.95","15.72","15.72",,,"73.64","73.64",,,"-10.02","-10.02",,,,,"41.965175","-87.876252","POINT (-87.876252 41.965175)","DIPDE7442_2026-01-27T11_36"
"DKHYU9123","2026-01-27T14:37:15.000","Clearing 3",,,,,,,,,,,,,,,,,,,,,"32.38","14.69","17.61","17.61",,,"61.15","61.15",,,"-9.16","-9.16",,,,,"41.7775443","-87.7539507010849","POINT (-87.7539507010849 41.7775443)","DKHYU9123_2026-01-27T14_37"
"DRDMU5348","2026-01-26T19:31:52.000","Washington Heights 3",,,,,,,,,,,,,,,,,,,,,"5.12","6.97","5.2","5.2",,,"50.17","50.17",,,"-10.29","-10.29",,,,,"41.71400135","-87.63668979964916","POINT (-87.63668979964916 41.71400135)","DRDMU5348_2026-01-26T19_31"
"DQABT4506","2026-01-26T23:08:00.000","Riverdale 2",,,,,,,,,,,,,,,,,,,,,"24.38","12.25","11.48","11.48",,,"60.36","60.36",,,"-13.32","-13.32",,,,,"41.66370695","-87.6054486089225","POINT (-87.6054486089225 41.66370695)","DQABT4506_2026-01-26T23_08"
"DQGPJ5322","2026-01-27T09:47:38.000","Beverly 5",,,,,,,,,,,,,,,,,,,,,"21.42","11.34","13.61","13.61",,,"67.11","67.11",,,"-10.39","-10.39",,,,,"41.702660249999994","-87.69255586271339","POINT (-87.69255586271339 41.702660249999994)","DQGPJ5322_2026-01-27T09_47"
"DFDVG9143","2026-01-26T18:33:21.000","Pullman 3",,,,,,,,,,,,,,,,,,,,,"8.23","6.99","4.21","4.21",,,"49.06","49.06",,,"-11.62","-11.62",,,,,"41.70084025","-87.60406122014103","POINT (-87.60406122014103 41.70084025)","DFDVG9143_2026-01-26T18_33"
"DUGYZ8163","2026-02-10T20:43:47.000","Ashburn 4",,,,,,,,,,,,,,,,,,,"11.1","16.87","18.4","12.0","15.31","15.31",,,"48.21","48.21",,,"11.44","11.44",,,,,"41.7524136","-87.68538850711178","POINT (-87.68538850711178 41.7524136)","DUGYZ8163_2026-02-10T20_43"
"DFIRX1818","2026-02-10T23:27:15.000","Pullman 4",,,,,,,,,,,,,,,,,,,"11.8","10.88","48.14","24.19","36.42","36.42",,,"62.6","62.6",,,"5.86","5.86",,,,,"41.688425949999996","-87.60256092387152","POINT (-87.60256092387152 41.688425949999996)","DFIRX1818_2026-02-10T23_27"
"DIZEF3591","2026-01-27T11:10:15.000","West Pullman 3",,,,,,,,,,,,,,,,,,,,,"23.65","11.29","12.65","12.65",,,"69.56","69.56",,,"-9.85","-9.85",,,,,"41.67596525","-87.62018065","POINT (-87.62018065 41.67596525)","DIZEF3591_2026-01-27T11_10"
"DUIZW8642","2026-01-27T07:31:22.000","Norwood Park 5",,,,,,,,,,,,,,,,,,,,,"31.88","13.37","16.82","16.82",,,"66.71","66.71",,,"-11.76","-11.76",,,,,"41.9764404","-87.81663050626611","POINT (-87.81663050626611 41.9764404)","DUIZW8642_2026-01-27T07_31"
"DVCHA9392","2026-02-10T05:56:07.000","Gage Park 3",,,,,,,,,,,,,,,,,,,"15.38","13.81","32.53","15.48","21.48","21.48",,,"65.53","65.53",,,"2.95","2.95",,,,,"41.78987765","-87.68662485","POINT (-87.68662485 41.78987765)","DVCHA9392_2026-02-10T05_56"
"DYRMT9480","2026-01-27T01:08:24.000","West Ridge 2",,,,,,,,,,,,,,,,,,,,,"9.85","7.15","6.43","6.43",,,"56.06","56.06",,,"-13.67","-13.67",,,,,"42.01638365","-87.68983284925712","POINT (-87.68983284925712 42.01638365)","DYRMT9480_2026-01-27T01_08"
"DYGHJ0891","2026-01-26T19:09:59.000","Clearing 1",,,,,,,,,,,,,,,,,,,,,"12.46","9.54","8.12","8.12",,,"51.48","51.48",,,"-12.31","-12.31",,,,,"41.7742202","-87.79927193100359","POINT (-87.79927193100359 41.7742202)","DYGHJ0891_2026-01-26T19_09"
"DGRCH4426","2026-01-26T21:38:04.000","West Ridge 3",,,,,,,,,,,,,,,,,,,,,"24.85","13.63","13.35","13.35",,,"51.51","51.51",,,"-10.98","-10.98",,,,,"42.002902250000005","-87.6903495","POINT (-87.6903495 42.002902250000005)","DGRCH4426_2026-01-26T21_38"
"DIVZD0266","2026-01-26T22:32:46.000","Archer Heights 1",,,,,,,,,,,,,,,,,,,,,"33.51","20.21","18.34","18.34",,,"56.34","56.34",,,"-12.26","-12.26",,,,,"41.815591850000004","-87.73627709500252","POINT (-87.73627709500252 41.815591850000004)","DIVZD0266_2026-01-26T22_32"
"DKXFR1580","2026-02-10T04:06:07.000","Logan Square 4",,,,,,,,,,,,,,,,,,,"23.99","21.85","39.15","18.87","25.44","25.44",,,"64.62","64.62",,,"2.73","2.73",,,,,"41.91611105","-87.71889889177663","POINT (-87.71889889177663 41.91611105)","DKXFR1580_2026-02-10T04_06"
"DYWWS0378","2026-01-26T15:59:53.000","Uptown 4",,,,,,,,,,,,,,,,,,,,,"11.76","11.06","10.49","10.49",,,"53.86","53.86",,,"-13.94","-13.94",,,,,"41.96225355","-87.67205436320755","POINT (-87.67205436320755 41.96225355)","DYWWS0378_2026-01-26T15_59"
"DFDFU1164","2026-01-26T13:36:20.000","Lower West Side 1",,,,,,,,,,,,,,,,,,,,,"20.57","10.14","9.43","9.43",,,"65.64","65.64",,,"-15.86","-15.86",,,,,"41.852656499999995","-87.68640576809067","POINT (-87.68640576809067 41.852656499999995)","DFDFU1164_2026-01-26T13_36"
"DQVGW1846","2026-01-27T03:48:08.000","South Lawndale 3",,,,,,,,,,,,,,,,,,,,,"35.99","14.43","15.56","15.56",,,"67.98","67.98",,,"-13.67","-13.67",,,,,"41.8403843","-87.71981834946608","POINT (-87.71981834946608 41.8403843)","DQVGW1846_2026-01-27T03_48"
"DSZQR8376","2026-02-10T20:22:01.000","Hegewisch 1",,,,,,,,,,,,,,,,,,,"9.09","11.66","39.57","21.0","30.69","30.69",,,"58.72","58.72",,,"8.4","8.4",,,,,"41.675190108549614","-87.53588600367534","POINT (-87.53588600367534 41.675190108549614)","DSZQR8376_2026-02-10T20_22"
"DARLP7776","2026-01-26T17:51:04.000","Armour Square 2",,,,,,,,,,,,,,,,,,,,,"17.81","10.9","7.43","7.43",,,"50.38","50.38",,,"-12.41","-12.41",,,,,"41.840014499999995","-87.63555596912866","POINT (-87.63555596912866 41.840014499999995)","DARLP7776_2026-01-26T17_51"
"DQVFE3070","2026-01-26T21:38:46.000","Englewood 4",,,,,,,,,,,,,,,,,,,,,"12.92","10.41","8.37","8.37",,,"57.7","57.7",,,"-12.13","-12.13",,,,,"41.764384199999995","-87.6361524558499","POINT (-87.6361524558499 41.764384199999995)","DQVFE3070_2026-01-26T21_38"
"DFAQM2360","2026-01-27T08:18:24.000","Englewood 1",,,,,,,,,,,,,,,,,,,,,"40.89","19.68","28.63","28.63",,,"65.55","65.55",,,"-11.16","-11.16",,,,,"41.78968585","-87.65259587249278","POINT (-87.65259587249278 41.78968585)","DFAQM2360_2026-01-27T08_18"
"DQGPJ5322","2026-02-10T20:56:53.000","Beverly 5",,,,,,,,,,,,,,,,,,,"11.54","11.83","22.12","14.3","25.99","25.99",,,"50.75","50.75",,,"10.58","10.58",,,,,"41.702660249999994","-87.69255586271339","POINT (-87.69255586271339 41.702660249999994)","DQGPJ5322_2026-02-10T20_56"
"DAHAJ0678","2026-01-27T03:00:46.000","Ashburn 1",,,,,,,,,,,,,,,,,,,,,"33.0","17.42","19.45","19.45",,,"71.3","71.3",,,"-14.68","-14.68",,,,,"41.7522794","-87.73751065","POINT (-87.73751065 41.7522794)","DAHAJ0678_2026-01-27T03_00"
"DMLFU0523","2026-01-26T13:04:54.000","Pullman 2",,,,,,,,,,,,,,,,,,,,,"16.73","8.95","7.84","7.84",,,"65.23","65.23",,,"-16.5","-16.5",,,,,"41.713040199999995","-87.58430474129636","POINT (-87.58430474129636 41.713040199999995)","DMLFU0523_2026-01-26T13_04"
"DZIEF7974","2026-01-26T23:27:08.000","Auburn Gresham 5",,,,,,,,,,,,,,,,,,,,,"20.81","10.6","11.48","11.48",,,"61.61","61.61",,,"-13.63","-13.63",,,,,"41.739100300000004","-87.67021444445066","POINT (-87.67021444445066 41.739100300000004)","DZIEF7974_2026-01-26T23_27"
"DKIJX6114","2026-02-10T14:33:20.000","Lincoln Square 1",,,,,,,,,,,,,,,,,,,"21.54","21.77","43.53","20.98","33.05","33.05",,,"66.7","66.7",,,"5.15","5.15",,,,,"41.975673400000005","-87.69009047047274","POINT (-87.69009047047274 41.975673400000005)","DKIJX6114_2026-02-10T14_33"
"DYGHJ0891","2026-01-27T02:03:57.000","Clearing 1",,,,,,,,,,,,,,,,,,,,,"24.69","12.25","13.61","13.61",,,"64.87","64.87",,,"-14.77","-14.77",,,,,"41.7742202","-87.79927193100359","POINT (-87.79927193100359 41.7742202)","DYGHJ0891_2026-01-27T02_03"
"DQTUI1287","2026-02-10T20:08:27.000","Hegewisch 4",,,,,,,,,,,,,,,,,,,"1.94","8.41","42.12","24.54","35.79","35.79",,,"53.35","53.35",,,"10.47","10.47",,,,,"41.6496509","-87.55276648075318","POINT (-87.55276648075318 41.6496509)","DQTUI1287_2026-02-10T20_08"
"DFNHF0256","2026-01-27T14:21:33.000","Mayfair Collocation 1",,,,,,,,,,,,,,,,,,,,,"13.69","8.69","8.87","8.87",,,"61.67","61.67",,,"-9.0","-9.0",,,,,"41.964742","-87.749434","POINT (-87.749434 41.964742)","DFNHF0256_2026-01-27T14_21"
"DHJUH1119","2026-02-10T20:17:02.000","Dunning 4",,,,,,,,,,,,,,,,,,,"9.12","15.64","23.46","14.44","21.73","21.73",,,"49.81","49.81",,,"11.09","11.09",,,,,"41.949138399999995","-87.7808436229515","POINT (-87.7808436229515 41.949138399999995)","DHJUH1119_2026-02-10T20_17"
"DZIHS7092","2026-01-26T22:58:06.000","Archer Heights 2",,,,,,,,,,,,,,,,,,,,,"20.6","10.68","10.43","10.43",,,"58.88","58.88",,,"-13.3","-13.3",,,,,"41.81532825167885","-87.71997399657484","POINT (-87.71997399657484 41.81532825167885)","DZIHS7092_2026-01-26T22_58"
"DBIRF2035","2026-01-26T12:33:37.000","Gage Park 4",,,,,,,,,,,,,,,,,,,,,"6.81","6.49","5.25","5.25",,,"65.21","65.21",,,"-15.69","-15.69",,,,,"41.79007765","-87.70310395085426","POINT (-87.70310395085426 41.79007765)","DBIRF2035_2026-01-26T12_33"
"DZLAV7766","2026-01-27T00:40:28.000","Austin 4",,,,,,,,,,,,,,,,,,,,,"11.54","11.88","6.87","6.87",,,"57.67","57.67",,,"-13.93","-13.93",,,,,"41.8787019","-87.75315257211534","POINT (-87.75315257211534 41.8787019)","DZLAV7766_2026-01-27T00_40"
"DUDWN9545","2026-01-27T12:28:23.000","Ashburn 2",,,,,,,,,,,,,,,,,,,,,"32.35","17.32","18.84","18.84",,,"75.12","75.12",,,"-9.89","-9.89",,,,,"41.75226525","-87.72071577078817","POINT (-87.72071577078817 41.75226525)","DUDWN9545_2026-01-27T12_28"
"DNUKL3524","2026-01-27T12:48:38.000","West Town 3",,,,,,,,,,,,,,,,,,,,,"29.46","13.67","18.75","18.75",,,"69.41","69.41",,,"-8.79","-8.79",,,,,"41.89463405","-87.65461125155946","POINT (-87.65461125155946 41.89463405)","DNUKL3524_2026-01-27T12_48"
"DEWGT8066","2026-01-26T20:09:32.000","Portage Park 3",,,,,,,,,,,,,,,,,,,,,"17.96","12.19","13.29","13.29",,,"51.21","51.21",,,"-10.58","-10.58",,,,,"41.94911115","-87.74480067538144","POINT (-87.74480067538144 41.94911115)","DEWGT8066_2026-01-26T20_09"
"DBZCJ6205","2026-01-27T03:00:28.000","Auburn Gresham 3",,,,,,,,,,,,,,,,,,,,,"33.62","22.38","18.25","18.25",,,"70.07","70.07",,,"-14.71","-14.71",,,,,"41.73924395","-87.63654310138114","POINT (-87.63654310138114 41.73924395)","DBZCJ6205_2026-01-27T03_00"
"DKTWP2892","2026-02-10T21:01:44.000","East Side 3",,,,,,,,,,,,,,,,,,,"13.28","9.69","39.31","18.8","26.03","26.03",,,"64.09","64.09",,,"6.25","6.25",,,,,"41.7006795","-87.53620860009178","POINT (-87.53620860009178 41.7006795)","DKTWP2892_2026-02-10T21_01"
"DMTRR1120","2026-01-26T20:36:31.000","Burnside 1",,,,,,,,,,,,,,,,,,,,,"16.73","13.22","10.11","10.11",,,"46.08","46.08",,,"-10.51","-10.51",,,,,"41.7264486","-87.60347733401628","POINT (-87.60347733401628 41.7264486)","DMTRR1120_2026-01-26T20_36"
"DPQMK5751","2026-01-27T08:08:18.000","Avondale 1",,,,,,,,,,,,,,,,,,,,,"33.42","14.69","18.04","18.04",,,"66.04","66.04",,,"-10.9","-10.9",,,,,"41.941301100000004","-87.7184245347691","POINT (-87.7184245347691 41.941301100000004)","DPQMK5751_2026-01-27T08_08"
"DLVFF5341","2026-01-27T01:19:26.000","Grand Boulevard 2",,,,,,,,,,,,,,,,,,,,,"4.38","6.05","3.95","3.95",,,"59.49","59.49",,,"-13.7","-13.7",,,,,"41.80223545","-87.61894770389034","POINT (-87.61894770389034 41.80223545)","DLVFF5341_2026-01-27T01_19"
"DEQFM3089","2026-02-10T05:08:23.000","Mayfair Collocation 3",,,,,,,,,,,,,,,,,,,"18.96","16.0","30.53","14.17","20.32","20.32",,,"66.19","66.19",,,"2.86","2.86",,,,,"41.964742","-87.749434","POINT (-87.749434 41.964742)","DEQFM3089_2026-02-10T05_08"
"DAPBK7657","2026-01-27T06:15:28.000","South Lawndale 2",,,,,,,,,,,,,,,,,,,,,"32.14","14.01","15.72","15.72",,,"65.04","65.04",,,"-11.84","-11.84",,,,,"41.8402538","-87.70343516174668","POINT (-87.70343516174668 41.8402538)","DAPBK7657_2026-01-27T06_15"
"DSSQU9498","2026-01-26T14:48:39.000","Near North Side 4","1006.0","1006.0",,,,,,,,,,,,,,,,,,,"6.96","6.21","4.59","4.59","64.2","64.2","53.35","53.35","-16.0","-16.0","-13.54","-13.54","302.8","302.8","1.29","1.29","41.89454935","-87.63665349658982","POINT (-87.63665349658982 41.89454935)","DSSQU9498_2026-01-26T14_48"
"DBZCJ6205","2026-01-27T03:52:06.000","Auburn Gresham 3",,,,,,,,,,,,,,,,,,,,,"30.38","21.26","17.69","17.69",,,"68.34","68.34",,,"-14.15","-14.15",,,,,"41.73924395","-87.63654310138114","POINT (-87.63654310138114 41.73924395)","DBZCJ6205_2026-01-27T03_52"
"DDQNT6485","2026-01-26T13:02:21.000","Armour Square 1",,,,,,,,,,,,,,,,,,,,,"12.73","9.43","6.83","6.83",,,"64.27","64.27",,,"-15.98","-15.98",,,,,"41.85262982537949","-87.63531098320047","POINT (-87.63531098320047 41.85262982537949)","DDQNT6485_2026-01-26T13_02"
"DLUKV4510","2026-01-26T13:38:32.000","Calumet Heights 3",,,,,,,,,,,,,,,,,,,,,"19.13","8.72","8.3","8.3",,,"66.61","66.61",,,"-16.28","-16.28",,,,,"41.72602304045317","-87.55256172786454","POINT (-87.55256172786454 41.72602304045317)","DLUKV4510_2026-01-26T13_38"
"DWEWU1433","2026-01-27T00:18:44.000","Austin 9",,,,,,,,,,,,,,,,,,,,,"9.54","7.26","6.58","6.58",,,"60.2","60.2",,,"-13.6","-13.6",,,,,"41.9037571","-87.76961617758381","POINT (-87.76961617758381 41.9037571)","DWEWU1433_2026-01-27T00_18"
"DQTUI1287","2026-01-27T11:47:58.000","Hegewisch 4",,,,,,,,,,,,,,,,,,,,,"25.18","11.29","10.78","10.78",,,"69.81","69.81",,,"-10.25","-10.25",,,,,"41.6496509","-87.55276648075318","POINT (-87.55276648075318 41.6496509)","DQTUI1287_2026-01-27T11_47"
"DLFZU4679","2026-01-26T22:41:20.000","West Englewood 2",,,,,,,,,,,,,,,,,,,,,"15.0","9.92","8.44","8.44",,,"58.53","58.53",,,"-12.96","-12.96",,,,,"41.777212500000005","-87.66997231765325","POINT (-87.66997231765325 41.777212500000005)","DLFZU4679_2026-01-26T22_41"
"DFFDA0268","2026-02-10T04:01:43.000","Near West Side 3",,,,,,,,,,,,,,,,,,,"17.64","17.84","39.84","18.06","28.2","28.2",,,"62.27","62.27",,,"3.01","3.01",,,,,"41.8811335","-87.654831","POINT (-87.654831 41.8811335)","DFFDA0268_2026-02-10T04_01"
"DARLP7776","2026-01-26T14:59:44.000","Armour Square 2",,,,,,,,,,,,,,,,,,,,,"16.12","10.2","7.11","7.11",,,"57.59","57.59",,,"-15.01","-15.01",,,,,"41.840014499999995","-87.63555596912866","POINT (-87.63555596912866 41.840014499999995)","DARLP7776_2026-01-26T14_59"
"DQVFE3070","2026-01-27T11:56:36.000","Englewood 4",,,,,,,,,,,,,,,,,,,,,"23.7","13.08","12.19","12.19",,,"73.26","73.26",,,"-10.27","-10.27",,,,,"41.764384199999995","-87.6361524558499","POINT (-87.6361524558499 41.764384199999995)","DQVFE3070_2026-01-27T11_56"
"DWCTD3003","2026-01-26T23:04:37.000","East Side 4",,,,,,,,,,,,,,,,,,,,,"27.8","14.83","13.2","13.2",,,"60.8","60.8",,,"-13.07","-13.07",,,,,"41.68755215","-87.53597050294346","POINT (-87.53597050294346 41.68755215)","DWCTD3003_2026-01-26T23_04"
"DAPJK7781","2026-01-27T10:18:12.000","Near West Side 2",,,,,,,,,,,,,,,,,,,,,"29.77","11.54","13.95","13.95",,,"69.77","69.77",,,"-10.2","-10.2",,,,,"41.87791765","-87.66857540000001","POINT (-87.66857540000001 41.87791765)","DAPJK7781_2026-01-27T10_18"
"DWZPM1574","2026-01-26T14:50:35.000","West Town 5",,,,,,,,,,,,,,,,,,,,,"15.92","9.67","9.12","9.12",,,"59.91","59.91",,,"-15.79","-15.79",,,,,"41.89110265","-87.68577505408578","POINT (-87.68577505408578 41.89110265)","DWZPM1574_2026-01-26T14_50"
"DXHCB5919","2026-01-27T06:12:39.000","Uptown 2","994.0","994.0",,,,,,,,,,,,,,,,,,,"28.92","14.68","17.67","17.67","65.2","65.2","54.92","54.92","-12.3","-12.3","-9.8","-9.8","310.11","310.11","2.61","2.61","41.97559665","-87.65386596902835","POINT (-87.65386596902835 41.97559665)","DXHCB5919_2026-01-27T06_12"
"DQAJZ3770","2026-01-26T23:55:51.000","Logan Square 2",,,,,,,,,,,,,,,,,,,,,"15.77","10.65","8.71","8.71",,,"60.31","60.31",,,"-13.18","-13.18",,,,,"41.92201145","-87.67250156057692","POINT (-87.67250156057692 41.92201145)","DQAJZ3770_2026-01-26T23_55"
"DFFDA0268","2026-01-26T13:54:52.000","Near West Side 3",,,,,,,,,,,,,,,,,,,,,"9.08","6.46","5.29","5.29",,,"63.03","63.03",,,"-15.4","-15.4",,,,,"41.8811335","-87.654831","POINT (-87.654831 41.8811335)","DFFDA0268_2026-01-26T13_54"
"DNCCJ5144","2026-01-27T12:21:27.000","Portage Park 1",,,,,,,,,,,,,,,,,,,,,"22.39","10.42","10.17","10.17",,,"73.14","73.14",,,"-9.37","-9.37",,,,,"41.962849","-87.78047373603852","POINT (-87.78047373603852 41.962849)","DNCCJ5144_2026-01-27T12_21"
"DMYFE2499","2026-02-10T23:02:47.000","North Lawndale 3",,,,,,,,,,,,,,,,,,,"17.79","13.4","46.36","23.28","34.95","34.95",,,"58.73","58.73",,,"6.91","6.91",,,,,"41.86563285","-87.70345920195152","POINT (-87.70345920195152 41.86563285)","DMYFE2499_2026-02-10T23_02"
"DMHRT7456","2026-01-27T02:36:43.000","Chicago Lawn 3",,,,,,,,,,,,,,,,,,,,,"32.65","15.95","17.56","17.56",,,"68.44","68.44",,,"-14.57","-14.57",,,,,"41.76441945","-87.68673944937888","POINT (-87.68673944937888 41.76441945)","DMHRT7456_2026-01-27T02_36"
"DLAIF4030","2026-02-10T05:44:54.000","Schiller Park Collocation 2",,,,,,,,,,,,,,,,,,,"22.62","22.85","36.17","20.36","24.43","24.43",,,"65.88","65.88",,,"3.16","3.16",,,,,"41.965175","-87.876252","POINT (-87.876252 41.965175)","DLAIF4030_2026-02-10T05_44"
"DXIGM4223","2026-01-27T05:14:39.000","Ashburn 6",,,,,,,,,,,,,,,,,,,,,"30.66","17.26","16.16","16.16",,,"65.17","65.17",,,"-12.64","-12.64",,,,,"41.73950785","-87.7038867676452","POINT (-87.7038867676452 41.73950785)","DXIGM4223_2026-01-27T05_14"
"DQZIL1804","2026-01-27T04:29:17.000","Brighton Park 2",,,,,,,,,,,,,,,,,,,,,"34.12","14.85","17.69","17.69",,,"67.72","67.72",,,"-13.05","-13.05",,,,,"41.8150889","-87.68617463894653","POINT (-87.68617463894653 41.8150889)","DQZIL1804_2026-01-27T04_29"
"DMYFE2499","2026-01-27T02:32:18.000","North Lawndale 3",,,,,,,,,,,,,,,,,,,,,"17.31","10.11","12.79","12.79",,,"65.45","65.45",,,"-14.22","-14.22",,,,,"41.86563285","-87.70345920195152","POINT (-87.70345920195152 41.86563285)","DMYFE2499_2026-01-27T02_32"
"DFRKF1779","2026-01-27T04:43:55.000","Norwood Park 2",,,,,,,,,,,,,,,,,,,,,"31.62","16.89","15.45","15.45",,,"65.47","65.47",,,"-12.41","-12.41",,,,,"41.99058225","-87.79848941721507","POINT (-87.79848941721507 41.99058225)","DFRKF1779_2026-01-27T04_43"
"DIUZJ7853","2026-01-27T09:52:01.000","Garfield Ridge 2",,,,,,,,,,,,,,,,,,,,,"38.19","15.13","21.99","21.99",,,"69.4","69.4",,,"-10.54","-10.54",,,,,"41.7903843","-87.77048382045737","POINT (-87.77048382045737 41.7903843)","DIUZJ7853_2026-01-27T09_52"
"DHWLS6819","2026-01-27T05:11:53.000","West Pullman 5",,,,,,,,,,,,,,,,,,,,,"33.9","15.88","16.36","16.36",,,"67.82","67.82",,,"-13.5","-13.5",,,,,"41.6635518","-87.63755419774877","POINT (-87.63755419774877 41.6635518)","DHWLS6819_2026-01-27T05_11"
"DLDVK7370","2026-01-27T00:05:58.000","South Chicago 2",,,,,,,,,,,,,,,,,,,,,"15.44","8.77","8.6","8.6",,,"59.89","59.89",,,"-13.76","-13.76",,,,,"41.75137435","-87.55253841882741","POINT (-87.55253841882741 41.75137435)","DLDVK7370_2026-01-27T00_05"
"DAWAP1896","2026-02-10T06:36:38.000","Greater Grand Crossing 5",,,,,,,,,,,,,,,,,,,"15.79","14.07","32.46","15.18","23.92","23.92",,,"66.44","66.44",,,"2.81","2.81",,,,,"41.7516673","-87.61940269812234","POINT (-87.61940269812234 41.7516673)","DAWAP1896_2026-02-10T06_36"
"DXHCB5919","2026-02-10T23:18:11.000","Uptown 2","993.0","993.0",,,,,,,,,,,,,,,,,"14.45","15.6","43.38","23.67","39.08","39.08","65.7","65.7","54.01","54.01","4.6","4.6","7.24","7.24","347.25","347.25","2.48","2.48","41.97559665","-87.65386596902835","POINT (-87.65386596902835 41.97559665)","DXHCB5919_2026-02-10T23_18"
"DGTDZ6242","2026-01-27T02:17:28.000","Forest Glen 3",,,,,,,,,,,,,,,,,,,,,"11.62","9.12","9.04","9.04",,,"63.65","63.65",,,"-14.09","-14.09",,,,,"41.98958085","-87.74435264432117","POINT (-87.74435264432117 41.98958085)","DGTDZ6242_2026-01-27T02_17"
"DLDVK7370","2026-01-27T10:39:06.000","South Chicago 2",,,,,,,,,,,,,,,,,,,,,"39.43","14.64","18.38","18.38",,,"69.98","69.98",,,"-9.62","-9.62",,,,,"41.75137435","-87.55253841882741","POINT (-87.55253841882741 41.75137435)","DLDVK7370_2026-01-27T10_39"
"DQTUI1287","2026-01-27T04:55:48.000","Hegewisch 4",,,,,,,,,,,,,,,,,,,,,"30.04","13.1","14.65","14.65",,,"67.13","67.13",,,"-13.4","-13.4",,,,,"41.6496509","-87.55276648075318","POINT (-87.55276648075318 41.6496509)","DQTUI1287_2026-01-27T04_55"
"DWZPM1574","2026-02-10T05:21:45.000","West Town 5",,,,,,,,,,,,,,,,,,,"18.46","14.06","52.17","28.58","64.75","64.75",,,"65.37","65.37",,,"2.85","2.85",,,,,"41.89110265","-87.68577505408578","POINT (-87.68577505408578 41.89110265)","DWZPM1574_2026-02-10T05_21"
"DAEXF8484","2026-01-26T21:04:47.000","Mount Greenwood 1",,,,,,,,,,,,,,,,,,,,,"28.4","19.98","18.0","18.0",,,"54.32","54.32",,,"-11.82","-11.82",,,,,"41.70576455","-87.710860211544","POINT (-87.710860211544 41.70576455)","DAEXF8484_2026-01-26T21_04"
"DJJVG1917","2026-02-10T05:31:13.000","Edgewater 1",,,,,,,,,,,,,,,,,,,"18.36","17.66","35.22","18.87","25.75","25.75",,,"67.28","67.28",,,"2.86","2.86",,,,,"41.989302800000004","-87.6722930982605","POINT (-87.6722930982605 41.989302800000004)","DJJVG1917_2026-02-10T05_31"
"DALBP5360","2026-01-27T06:16:20.000","Beverly 4",,,,,,,,,,,,,,,,,,,,,"32.69","13.78","17.17","17.17",,,"66.16","66.16",,,"-12.45","-12.45",,,,,"41.70569725","-87.67464569624644","POINT (-87.67464569624644 41.70569725)","DALBP5360_2026-01-27T06_16"
"DAUPG9028","2026-02-10T21:47:17.000","Portage Park 2",,,,,,,,,,,,,,,,,,,"6.75","10.99","36.0","22.21","36.06","36.06",,,"53.4","53.4",,,"8.76","8.76",,,,,"41.9627009","-87.76268011146504","POINT (-87.76268011146504 41.9627009)","DAUPG9028_2026-02-10T21_47"
"DMMAG3845","2026-01-27T11:43:05.000","Riverdale 3",,,,,,,,,,,,,,,,,,,,,"7.18","6.45","4.51","4.51",,,"73.23","73.23",,,"-10.3","-10.3",,,,,"41.650564200000005","-87.6038782","POINT (-87.6038782 41.650564200000005)","DMMAG3845_2026-01-27T11_43"
"DRUBP9408","2026-01-27T03:15:02.000","South Deering 2",,,,,,,,,,,,,,,,,,,,,"41.4","16.72","16.04","16.04",,,"69.13","69.13",,,"-14.38","-14.38",,,,,"41.71346153849869","-87.55271837532699","POINT (-87.55271837532699 41.71346153849869)","DRUBP9408_2026-01-27T03_15"
"DNCCJ5144","2026-01-27T02:20:50.000","Portage Park 1",,,,,,,,,,,,,,,,,,,,,"23.97","11.58","11.12","11.12",,,"63.52","63.52",,,"-13.8","-13.8",,,,,"41.962849","-87.78047373603852","POINT (-87.78047373603852 41.962849)","DNCCJ5144_2026-01-27T02_20"
"DWRMS8182","2026-01-27T08:57:47.000","South Chicago 1",,,,,,,,,,,,,,,,,,,,,"32.88","15.32","18.41","18.41",,,"66.47","66.47",,,"-10.49","-10.49",,,,,"41.7514325","-87.56903725190702","POINT (-87.56903725190702 41.7514325)","DWRMS8182_2026-01-27T08_57"
"DWMUZ3935","2026-01-25T15:00:25.000","Lincoln Square 2",,,,,,,,,,,,,,,,,,,,,"7.81","6.16","5.51","5.51",,,"76.9","76.9",,,"-8.25","-8.25",,,,,"41.962318350000004","-87.69021417611607","POINT (-87.69021417611607 41.962318350000004)","DWMUZ3935_2026-01-25T15_00"
"DEWGT8066","2026-01-27T00:15:20.000","Portage Park 3",,,,,,,,,,,,,,,,,,,,,"36.75","19.77","34.24","34.24",,,"60.44","60.44",,,"-13.44","-13.44",,,,,"41.94911115","-87.74480067538144","POINT (-87.74480067538144 41.94911115)","DEWGT8066_2026-01-27T00_15"
"DKISS7174","2026-01-27T04:09:22.000","West Elsdon 2",,,,,,,,,,,,,,,,,,,,,"45.97","22.47","26.48","26.48",,,"68.19","68.19",,,"-13.6","-13.6",,,,,"41.7898683","-87.72002286796209","POINT (-87.72002286796209 41.7898683)","DKISS7174_2026-01-27T04_09"
"DHJUH1119","2026-01-27T06:01:40.000","Dunning 4",,,,,,,,,,,,,,,,,,,,,"28.31","13.45","13.7","13.7",,,"64.17","64.17",,,"-11.52","-11.52",,,,,"41.949138399999995","-87.7808436229515","POINT (-87.7808436229515 41.949138399999995)","DHJUH1119_2026-01-27T06_01"
"DBFUZ7169","2026-01-27T04:27:41.000","South Chicago 4",,,,,,,,,,,,,,,,,,,,,"28.65","17.96","14.35","14.35",,,"66.99","66.99",,,"-13.61","-13.61",,,,,"41.73860965","-87.55239535029682","POINT (-87.55239535029682 41.73860965)","DBFUZ7169_2026-01-27T04_27"
"DLZBV6061","2026-01-26T13:19:26.000","Auburn Gresham 4",,,,,,,,,,,,,,,,,,,,,"12.38","7.59","7.67","7.67",,,"66.19","66.19",,,"-16.92","-16.92",,,,,"41.7392967","-87.65309402456438","POINT (-87.65309402456438 41.7392967)","DLZBV6061_2026-01-26T13_19"
"DEVFQ3796","2026-01-27T05:36:20.000","Austin 3",,,,,,,,,,,,,,,,,,,,,"26.27","16.8","15.92","15.92",,,"63.75","63.75",,,"-11.79","-11.79",,,,,"41.8911473","-87.75274756009728","POINT (-87.75274756009728 41.8911473)","DEVFQ3796_2026-01-27T05_36"
"DIUZJ7853","2026-01-27T03:14:52.000","Garfield Ridge 2",,,,,,,,,,,,,,,,,,,,,"33.59","14.13","17.4","17.4",,,"68.87","68.87",,,"-14.52","-14.52",,,,,"41.7903843","-87.77048382045737","POINT (-87.77048382045737 41.7903843)","DIUZJ7853_2026-01-27T03_14"
"DEJMD2536","2026-01-27T03:05:53.000","O'Hare 1",,,,,,,,,,,,,,,,,,,,,"21.5","12.69","12.64","12.64",,,"65.17","65.17",,,"-13.8","-13.8",,,,,"41.9762844","-87.8527641","POINT (-87.8527641 41.9762844)","DEJMD2536_2026-01-27T03_05"
"DYZXT2661","2026-01-26T23:24:40.000","Washington Park 1",,,,,,,,,,,,,,,,,,,,,"28.62","13.75","13.99","13.99",,,"59.11","59.11",,,"-13.32","-13.32",,,,,"41.79001015","-87.61876673065636","POINT (-87.61876673065636 41.79001015)","DYZXT2661_2026-01-26T23_24"
"DBIZF0451","2026-01-26T21:25:49.000","West Pullman 2",,,,,,,,,,,,,,,,,,,,,"28.88","14.69","13.56","13.56",,,"54.6","54.6",,,"-11.52","-11.52",,,,,"41.6758357","-87.63729348709609","POINT (-87.63729348709609 41.6758357)","DBIZF0451_2026-01-26T21_25"
"DBZCJ6205","2026-02-10T15:00:36.000","Auburn Gresham 3",,,,,,,,,,,,,,,,,,,"28.19","28.62","47.27","27.74","47.17","47.17",,,"67.88","67.88",,,"5.5","5.5",,,,,"41.73924395","-87.63654310138114","POINT (-87.63654310138114 41.73924395)","DBZCJ6205_2026-02-10T15_00"
"DDGHI0125","2026-01-26T12:18:35.000","Belmont Cragin 3",,,,,,,,,,,,,,,,,,,,,"9.58","7.22","4.77","4.77",,,"65.67","65.67",,,"-16.23","-16.23",,,,,"41.92893015","-87.75257875182068","POINT (-87.75257875182068 41.92893015)","DDGHI0125_2026-01-26T12_18"
"DXHYE9278","2026-01-27T11:30:59.000","Hegewisch 5",,,,,,,,,,,,,,,,,,,,,"49.02","17.94","22.17","22.17",,,"71.59","71.59",,,"-9.92","-9.92",,,,,"41.64887855","-87.56940151087389","POINT (-87.56940151087389 41.64887855)","DXHYE9278_2026-01-27T11_30"
"DMFEL5431","2026-01-27T12:20:16.000","Garfield Ridge 4",,,,,,,,,,,,,,,,,,,,,"31.3","16.45","18.47","18.47",,,"74.09","74.09",,,"-9.77","-9.77",,,,,"41.787349199999994","-87.80034666308356","POINT (-87.80034666308356 41.787349199999994)","DMFEL5431_2026-01-27T12_20"
"DHZTI7858","2026-02-10T15:10:35.000","Pullman 1",,,,,,,,,,,,,,,,,,,"32.59","19.06","53.11","23.3","39.47","39.47",,,"65.13","65.13",,,"6.5","6.5",,,,,"41.71416735","-87.60386913020682","POINT (-87.60386913020682 41.71416735)","DHZTI7858_2026-02-10T15_10"
"DUGYZ8163","2026-01-26T12:38:07.000","Ashburn 4",,,,,,,,,,,,,,,,,,,,,"10.46","6.61","5.09","5.09",,,"63.52","63.52",,,"-16.65","-16.65",,,,,"41.7524136","-87.68538850711178","POINT (-87.68538850711178 41.7524136)","DUGYZ8163_2026-01-26T12_38"
"DFVRF7063","2026-02-10T03:30:48.000","Austin 2",,,,,,,,,,,,,,,,,,,"20.88","21.05","50.76","22.48","27.91","27.91",,,"61.75","61.75",,,"3.28","3.28",,,,,"41.90386395","-87.75296686301743","POINT (-87.75296686301743 41.90386395)","DFVRF7063_2026-02-10T03_30"
"DCQTB2627","2026-01-26T15:35:51.000","Jefferson Park 2",,,,,,,,,,,,,,,,,,,,,"5.27","8.41","4.29","4.29",,,"56.75","56.75",,,"-15.07","-15.07",,,,,"41.976053300000004","-87.76267965049084","POINT (-87.76267965049084 41.976053300000004)","DCQTB2627_2026-01-26T15_35"
"DIXEX6164","2026-01-27T10:36:15.000","Calumet Heights 1",,,,,,,,,,,,,,,,,,,,,"32.78","14.46","16.18","16.18",,,"69.41","69.41",,,"-9.77","-9.77",,,,,"41.72612465","-87.58623674140375","POINT (-87.58623674140375 41.72612465)","DIXEX6164_2026-01-27T10_36"
"DIXEX6164","2026-02-10T05:37:44.000","Calumet Heights 1",,,,,,,,,,,,,,,,,,,"13.67","10.52","35.85","17.08","24.03","24.03",,,"64.03","64.03",,,"3.03","3.03",,,,,"41.72612465","-87.58623674140375","POINT (-87.58623674140375 41.72612465)","DIXEX6164_2026-02-10T05_37"
"DQGPJ5322","2026-01-26T13:16:24.000","Beverly 5",,,,,,,,,,,,,,,,,,,,,"14.35","8.95","8.2","8.2",,,"66.41","66.41",,,"-16.66","-16.66",,,,,"41.702660249999994","-87.69255586271339","POINT (-87.69255586271339 41.702660249999994)","DQGPJ5322_2026-01-26T13_16"
"DUDWN9545","2026-01-26T18:53:10.000","Ashburn 2",,,,,,,,,,,,,,,,,,,,,"13.65","13.66","9.19","9.19",,,"51.14","51.14",,,"-12.41","-12.41",,,,,"41.75226525","-87.72071577078817","POINT (-87.72071577078817 41.75226525)","DUDWN9545_2026-01-26T18_53"
"DWEIE9311","2026-01-26T16:12:16.000","Bridgeport 2",,,,,,,,,,,,,,,,,,,,,"10.31","7.59","4.95","4.95",,,"54.13","54.13",,,"-12.68","-12.68",,,,,"41.8278059","-87.65209362442712","POINT (-87.65209362442712 41.8278059)","DWEIE9311_2026-01-26T16_12"
"DYHTK6723","2026-01-26T13:06:13.000","Chatham 1",,,,,,,,,,,,,,,,,,,,,"10.85","9.63","6.66","6.66",,,"66.58","66.58",,,"-16.46","-16.46",,,,,"41.739161550000006","-87.62026829999999","POINT (-87.62026829999999 41.739161550000006)","DYHTK6723_2026-01-26T13_06"
"DIPDE7442","2026-02-10T23:49:17.000","Schiller Park Collocation 3",,,,,,,,,,,,,,,,,,,"21.64","17.49","38.2","19.51","21.5","21.5",,,"65.56","65.56",,,"4.76","4.76",,,,,"41.965175","-87.876252","POINT (-87.876252 41.965175)","DIPDE7442_2026-02-10T23_49"
"DRRDD3500","2026-01-26T14:20:19.000","Hegewisch 6",,,,,,,,,,,,,,,,,,,,,"13.19","8.97","6.81","6.81",,,"64.41","64.41",,,"-15.74","-15.74",,,,,"41.66298535","-87.55350110056347","POINT (-87.55350110056347 41.66298535)","DRRDD3500_2026-01-26T14_20"
"DBLXJ4454","2026-01-27T14:37:12.000","New City 5",,,,,,,,,,,,,,,,,,,,,"20.78","11.76","10.29","10.29",,,"63.13","63.13",,,"-8.98","-8.98",,,,,"41.802394199999995","-87.66940364304637","POINT (-87.66940364304637 41.802394199999995)","DBLXJ4454_2026-01-27T14_37"
"DWTBK5575","2026-02-10T23:43:08.000","Brighton Park 3",,,,,,,,,,,,,,,,,,,"25.95","23.06","46.61","25.49","40.78","40.78",,,"63.39","63.39",,,"5.99","5.99",,,,,"41.81505595","-87.70319663856344","POINT (-87.70319663856344 41.81505595)","DWTBK5575_2026-02-10T23_43"
"DNCCJ5144","2026-02-10T15:19:24.000","Portage Park 1",,,,,,,,,,,,,,,,,,,"15.75","16.88","50.22","24.54","40.39","40.39",,,"65.12","65.12",,,"5.79","5.79",,,,,"41.962849","-87.78047373603852","POINT (-87.78047373603852 41.962849)","DNCCJ5144_2026-02-10T15_19"
"DYHTK6723","2026-01-27T11:30:04.000","Chatham 1",,,,,,,,,,,,,,,,,,,,,"22.08","13.4","14.09","14.09",,,"71.47","71.47",,,"-10.0","-10.0",,,,,"41.739161550000006","-87.62026829999999","POINT (-87.62026829999999 41.739161550000006)","DYHTK6723_2026-01-27T11_30"
"DWFRI5691","2026-01-26T14:29:56.000","Humboldt Park 1",,,,,,,,,,,,,,,,,,,,,"9.58","7.03","5.29","5.29",,,"61.2","61.2",,,"-15.41","-15.41",,,,,"41.9036584","-87.73599568710452","POINT (-87.73599568710452 41.9036584)","DWFRI5691_2026-01-26T14_29"
"DRJGY6541","2026-01-27T09:05:30.000","West Elsdon 1",,,,,,,,,,,,,,,,,,,,,"25.05","14.57","15.23","15.23",,,"67.76","67.76",,,"-10.77","-10.77",,,,,"41.7903099","-87.73683774404154","POINT (-87.73683774404154 41.7903099)","DRJGY6541_2026-01-27T09_05"
"DVWMK9661","2026-01-27T14:49:24.000","Humboldt Park 4",,,,,,,,,,,,,,,,,,,,,"12.77","8.76","7.9","7.9",,,"59.25","59.25",,,"-9.11","-9.11",,,,,"41.89083265","-87.71959863710754","POINT (-87.71959863710754 41.89083265)","DVWMK9661_2026-01-27T14_49"
"DVCMB9343","2026-01-26T12:34:16.000","Belmont Cragin 2",,,,,,,,,,,,,,,,,,,,,"8.38","7.51","4.84","4.84",,,"63.76","63.76",,,"-16.21","-16.21",,,,,"41.9356698","-87.7630005644958","POINT (-87.7630005644958 41.9356698)","DVCMB9343_2026-01-26T12_34"
"DTYDP5264","2026-01-26T13:51:34.000","Norwood Park 1",,,,,,,,,,,,,,,,,,,,,"9.12","7.11","5.82","5.82",,,"65.37","65.37",,,"-16.71","-16.71",,,,,"41.9884148","-87.81462388174296","POINT (-87.81462388174296 41.9884148)","DTYDP5264_2026-01-26T13_51"
"DSHYP2656","2026-02-10T14:13:29.000","Auburn Gresham 2",,,,,,,,,,,,,,,,,,,"32.15","28.9","50.05","21.48","39.78","39.78",,,"69.79","69.79",,,"4.83","4.83",,,,,"41.75200485","-87.65331955036021","POINT (-87.65331955036021 41.75200485)","DSHYP2656_2026-02-10T14_13"
"DAUPG9028","2026-01-27T00:10:57.000","Portage Park 2",,,,,,,,,,,,,,,,,,,,,"14.0","10.72","9.71","9.71",,,"59.29","59.29",,,"-13.38","-13.38",,,,,"41.9627009","-87.76268011146504","POINT (-87.76268011146504 41.9627009)","DAUPG9028_2026-01-27T00_10"
"DATLR2184","2026-01-26T17:31:52.000","Brighton Park 1",,,,,,,,,,,,,,,,,,,,,"7.54","9.9","5.41","5.41",,,"52.34","52.34",,,"-11.88","-11.88",,,,,"41.82784155","-87.70286514736534","POINT (-87.70286514736534 41.82784155)","DATLR2184_2026-01-26T17_31"
"DFRKF1779","2026-01-26T16:33:50.000","Norwood Park 2",,,,,,,,,,,,,,,,,,,,,"10.62","9.93","5.35","5.35",,,"50.82","50.82",,,"-13.54","-13.54",,,,,"41.99058225","-87.79848941721507","POINT (-87.79848941721507 41.99058225)","DFRKF1779_2026-01-26T16_33"
"DEQFM3089","2026-01-27T11:38:44.000","Mayfair Collocation 3",,,,,,,,,,,,,,,,,,,,,"21.96","9.64","12.34","12.34",,,"72.6","72.6",,,"-10.06","-10.06",,,,,"41.964742","-87.749434","POINT (-87.749434 41.964742)","DEQFM3089_2026-01-27T11_38"
"DFKYH6865","2026-01-27T10:47:33.000","Morgan Park 1",,,,,,,,,,,,,,,,,,,,,"17.62","12.15","10.3","10.3",,,"71.45","71.45",,,"-10.04","-10.04",,,,,"41.69223635","-87.67489329295597","POINT (-87.67489329295597 41.69223635)","DFKYH6865_2026-01-27T10_47"
"DCAFN1583","2026-01-27T05:01:06.000","South Lawndale 5",,,,,,,,,,,,,,,,,,,,,"47.35","19.38","24.76","24.76",,,"65.17","65.17",,,"-12.21","-12.21",,,,,"41.827545400000005","-87.73584967759197","POINT (-87.73584967759197 41.827545400000005)","DCAFN1583_2026-01-27T05_01"
"DIUZJ7853","2026-01-26T22:13:56.000","Garfield Ridge 2",,,,,,,,,,,,,,,,,,,,,"26.88","13.56","16.86","16.86",,,"57.42","57.42",,,"-12.35","-12.35",,,,,"41.7903843","-87.77048382045737","POINT (-87.77048382045737 41.7903843)","DIUZJ7853_2026-01-26T22_13"
"DIFPQ7419","2026-01-26T21:51:30.000","Avondale 2",,,,,,,,,,,,,,,,,,,,,"25.15","14.0","14.56","14.56",,,"51.18","51.18",,,"-10.37","-10.37",,,,,"41.93555175","-87.6910915509286","POINT (-87.6910915509286 41.93555175)","DIFPQ7419_2026-01-26T21_51"
"DACZY2913","2026-01-26T18:27:32.000","Rogers Park 2",,,,,,,,,,,,,,,,,,,,,"6.08","9.68","5.16","5.16",,,"51.49","51.49",,,"-10.98","-10.98",,,,,"42.0027981","-87.67195804163265","POINT (-87.67195804163265 42.0027981)","DACZY2913_2026-01-26T18_27"
"DGDNA0617","2026-01-26T23:09:17.000","Edison Park 2",,,,,,,,,,,,,,,,,,,,,"15.88","12.22","9.57","9.57",,,"58.26","58.26",,,"-12.88","-12.88",,,,,"42.00333585","-87.81657557251182","POINT (-87.81657557251182 42.00333585)","DGDNA0617_2026-01-26T23_09"
"DRDZF3698","2026-02-10T03:13:22.000","Austin 1",,,,,,,,,,,,,,,,,,,"27.5","24.9","34.35","18.68","22.41","22.41",,,"62.02","62.02",,,"3.14","3.14",,,,,"41.9157582","-87.76919201601461","POINT (-87.76919201601461 41.9157582)","DRDZF3698_2026-02-10T03_13"
"DSSQU9498","2026-01-27T02:08:48.000","Near North Side 4","1000.0","1000.0",,,,,,,,,,,,,,,,,,,"13.08","9.1","8.65","8.65","63.9","63.9","52.24","52.24","-14.2","-14.2","-11.6","-11.6","137.9","137.9","0.92","0.92","41.89454935","-87.63665349658982","POINT (-87.63665349658982 41.89454935)","DSSQU9498_2026-01-27T02_08"
"DHSIJ5379","2026-01-27T02:50:01.000","Washington Heights 1",,,,,,,,,,,,,,,,,,,,,"31.61","16.51","18.18","18.18",,,"71.22","71.22",,,"-14.8","-14.8",,,,,"41.72668335","-87.6533731","POINT (-87.6533731 41.72668335)","DHSIJ5379_2026-01-27T02_50"
"DAWAP1896","2026-01-27T06:56:37.000","Greater Grand Crossing 5",,,,,,,,,,,,,,,,,,,,,"31.77","14.96","15.87","15.87",,,"65.45","65.45",,,"-11.75","-11.75",,,,,"41.7516673","-87.61940269812234","POINT (-87.61940269812234 41.7516673)","DAWAP1896_2026-01-27T06_56"
"DSSQU9498","2026-02-10T14:05:57.000","Near North Side 4","990.0","990.0",,,,,,,,,,,,,,,,,"26.72","27.52","44.69","24.41","43.24","43.24","70.7","70.7","59.53","59.53","4.6","4.6","6.84","6.84","307.57","307.57","0.46","0.46","41.89454935","-87.63665349658982","POINT (-87.63665349658982 41.89454935)","DSSQU9498_2026-02-10T14_05"
"DGGGM0466","2026-01-26T20:17:43.000","Bridgeport 1",,,,,,,,,,,,,,,,,,,,,"8.96","7.01","5.46","5.46",,,"55.55","55.55",,,"-11.98","-11.98",,,,,"41.840132100000005","-87.65224955235848","POINT (-87.65224955235848 41.840132100000005)","DGGGM0466_2026-01-26T20_17"
"DMARJ5120","2026-02-10T23:37:22.000","Hyde Park 1",,,,,,,,,,,,,,,,,,,"23.78","24.09","35.61","18.01","31.84","31.84",,,"61.19","61.19",,,"6.35","6.35",,,,,"41.79964665","-87.60179992085315","POINT (-87.60179992085315 41.79964665)","DMARJ5120_2026-02-10T23_37"
"DGEPF8361","2026-02-10T20:30:07.000","Washington HS Collocation 3",,,,,,,,,,,,,,,,,,,"8.16","12.47","39.41","21.28","35.39","35.39",,,"55.3","55.3",,,"8.66","8.66",,,,,"41.687495","-87.538083","POINT (-87.538083 41.687495)","DGEPF8361_2026-02-10T20_30"
"DVPEA0040","2026-01-27T10:47:16.000","Auburn Gresham 1",,,,,,,,,,,,,,,,,,,,,"29.08","15.3","16.88","16.88",,,"70.34","70.34",,,"-9.93","-9.93",,,,,"41.75224785","-87.66918975845675","POINT (-87.66918975845675 41.75224785)","DVPEA0040_2026-01-27T10_47"
"DUSKD5383","2026-01-26T23:18:58.000","Dunning 2",,,,,,,,,,,,,,,,,,,,,"10.12","9.05","7.22","7.22",,,"59.26","59.26",,,"-13.2","-13.2",,,,,"41.9494264","-87.81722894476465","POINT (-87.81722894476465 41.9494264)","DUSKD5383_2026-01-26T23_18"
"DCZQF3538","2026-01-26T15:37:40.000","Lower West Side 2",,,,,,,,,,,,,,,,,,,,,"10.88","8.55","5.41","5.41",,,"55.16","55.16",,,"-13.03","-13.03",,,,,"41.85298145","-87.66905187486446","POINT (-87.66905187486446 41.85298145)","DCZQF3538_2026-01-26T15_37"
"DXEMM9791","2026-01-26T15:05:19.000","Chatham 2",,,,,,,,,,,,,,,,,,,,,"11.38","8.17","6.69","6.69",,,"59.92","59.92",,,"-14.98","-14.98",,,,,"41.7389797","-87.60272773313176","POINT (-87.60272773313176 41.7389797)","DXEMM9791_2026-01-26T15_05"
"DHUBD2135","2026-01-27T06:53:15.000","Norwood Park 3",,,,,,,,,,,,,,,,,,,,,"34.34","14.84","19.49","19.49",,,"65.19","65.19",,,"-11.87","-11.87",,,,,"41.98985225","-87.78029629432729","POINT (-87.78029629432729 41.98985225)","DHUBD2135_2026-01-27T06_53"
"DIEET8865","2026-01-27T14:03:53.000","Hyde Park 4",,,,,,,,,,,,,,,,,,,,,"13.0","8.94","6.69","6.69",,,"66.8","66.8",,,"-9.29","-9.29",,,,,"41.7864527902171","-87.60174594829185","POINT (-87.60174594829185 41.7864527902171)","DIEET8865_2026-01-27T14_03"
"DYSHC8669","2026-01-26T13:19:44.000","Chicago Lawn 2",,,,,,,,,,,,,,,,,,,,,"25.88","12.92","13.2","13.2",,,"67.17","67.17",,,"-16.38","-16.38",,,,,"41.7772231","-87.6867966971337","POINT (-87.6867966971337 41.7772231)","DYSHC8669_2026-01-26T13_19"
"DDGFW8206","2026-01-27T02:14:32.000","Englewood 3",,,,,,,,,,,,,,,,,,,,,"19.72","10.84","10.24","10.24",,,"66.89","66.89",,,"-14.77","-14.77",,,,,"41.77689575","-87.635949892389","POINT (-87.635949892389 41.77689575)","DDGFW8206_2026-01-27T02_14"
"DNFCT5518","2026-01-26T23:40:25.000","Roseland 6",,,,,,,,,,,,,,,,,,,,,"15.42","9.61","8.73","8.73",,,"59.19","59.19",,,"-13.77","-13.77",,,,,"41.70134325","-87.63695104338622","POINT (-87.63695104338622 41.70134325)","DNFCT5518_2026-01-26T23_40"
"DAHAJ0678","2026-01-26T15:38:45.000","Ashburn 1",,,,,,,,,,,,,,,,,,,,,"9.88","8.32","6.1","6.1",,,"60.4","60.4",,,"-15.19","-15.19",,,,,"41.7522794","-87.73751065","POINT (-87.73751065 41.7522794)","DAHAJ0678_2026-01-26T15_38"
"DZLAV7766","2026-02-10T21:55:33.000","Austin 4",,,,,,,,,,,,,,,,,,,"14.33","17.2","33.97","23.79","28.16","28.16",,,"53.61","53.61",,,"9.26","9.26",,,,,"41.8787019","-87.75315257211534","POINT (-87.75315257211534 41.8787019)","DZLAV7766_2026-02-10T21_55"
"DNVBM2851","2026-01-27T11:25:32.000","Englewood 5",,,,,,,,,,,,,,,,,,,,,"28.22","13.28","13.83","13.83",,,"70.08","70.08",,,"-9.81","-9.81",,,,,"41.764561","-87.65314835000001","POINT (-87.65314835000001 41.764561)","DNVBM2851_2026-01-27T11_25"
"DUIZW8642","2026-01-27T10:27:03.000","Norwood Park 5",,,,,,,,,,,,,,,,,,,,,"38.69","15.11","21.03","21.03",,,"70.54","70.54",,,"-9.89","-9.89",,,,,"41.9764404","-87.81663050626611","POINT (-87.81663050626611 41.9764404)","DUIZW8642_2026-01-27T10_27"
"DGDNA0617","2026-01-26T19:40:06.000","Edison Park 2",,,,,,,,,,,,,,,,,,,,,"18.85","13.42","9.38","9.38",,,"49.41","49.41",,,"-12.06","-12.06",,,,,"42.00333585","-87.81657557251182","POINT (-87.81657557251182 42.00333585)","DGDNA0617_2026-01-26T19_40"
"DFAKZ8204","2026-02-10T03:51:25.000","New City 4",,,,,,,,,,,,,,,,,,,"8.31","13.36","41.59","18.47","27.1","27.1",,,"64.23","64.23",,,"2.65","2.65",,,,,"41.802323","-87.65289447500001","POINT (-87.65289447500001 41.802323)","DFAKZ8204_2026-02-10T03_51"
"DFAKZ8204","2026-02-10T04:25:47.000","New City 4",,,,,,,,,,,,,,,,,,,"8.15","13.72","40.27","17.97","27.05","27.05",,,"64.92","64.92",,,"2.71","2.71",,,,,"41.802323","-87.65289447500001","POINT (-87.65289447500001 41.802323)","DFAKZ8204_2026-02-10T04_25"
"DHWLS6819","2026-01-26T16:20:44.000","West Pullman 5",,,,,,,,,,,,,,,,,,,,,"10.85","8.28","6.02","6.02",,,"57.38","57.38",,,"-14.19","-14.19",,,,,"41.6635518","-87.63755419774877","POINT (-87.63755419774877 41.6635518)","DHWLS6819_2026-01-26T16_20"
"DFDFU1164","2026-02-10T21:18:06.000","Lower West Side 1",,,,,,,,,,,,,,,,,,,"11.23","21.14","35.75","19.67","31.13","31.13",,,"50.37","50.37",,,"11.14","11.14",,,,,"41.852656499999995","-87.68640576809067","POINT (-87.68640576809067 41.852656499999995)","DFDFU1164_2026-02-10T21_18"
"DZUWB2477","2026-02-10T15:27:52.000","North Lawndale 1",,,,,,,,,,,,,,,,,,,"12.16","19.85","57.53","28.84","43.93","43.93",,,"61.95","61.95",,,"6.69","6.69",,,,,"41.86579905000001","-87.73621350560661","POINT (-87.73621350560661 41.86579905000001)","DZUWB2477_2026-02-10T15_27"
"DYRMT9480","2026-01-26T20:10:08.000","West Ridge 2",,,,,,,,,,,,,,,,,,,,,"13.27","9.78","8.24","8.24",,,"49.67","49.67",,,"-10.71","-10.71",,,,,"42.01638365","-87.68983284925712","POINT (-87.68983284925712 42.01638365)","DYRMT9480_2026-01-26T20_10"
"DAHAJ0678","2026-01-26T18:33:39.000","Ashburn 1",,,,,,,,,,,,,,,,,,,,,"8.88","9.65","6.43","6.43",,,"47.86","47.86",,,"-12.07","-12.07",,,,,"41.7522794","-87.73751065","POINT (-87.73751065 41.7522794)","DAHAJ0678_2026-01-26T18_33"
"DZKWB0839","2026-01-27T12:51:43.000","East Side 2",,,,,,,,,,,,,,,,,,,,,"79.21","29.14","39.15","39.15",,,"73.77","73.77",,,"-9.65","-9.65",,,,,"41.713258249999996","-87.53592341666666","POINT (-87.53592341666666 41.713258249999996)","DZKWB0839_2026-01-27T12_51"
"DMTRR1120","2026-01-27T03:52:39.000","Burnside 1",,,,,,,,,,,,,,,,,,,,,"40.37","20.58","22.31","22.31",,,"68.42","68.42",,,"-14.13","-14.13",,,,,"41.7264486","-87.60347733401628","POINT (-87.60347733401628 41.7264486)","DMTRR1120_2026-01-27T03_52"
"DEWGT8066","2026-01-27T14:00:27.000","Portage Park 3",,,,,,,,,,,,,,,,,,,,,"18.47","10.32","12.24","12.24",,,"64.88","64.88",,,"-9.12","-9.12",,,,,"41.94911115","-87.74480067538144","POINT (-87.74480067538144 41.94911115)","DEWGT8066_2026-01-27T14_00"
"DQXJA8041","2026-01-27T12:14:17.000","Archer Heights 3",,,,,,,,,,,,,,,,,,,,,"23.35","14.23","14.83","14.83",,,"72.54","72.54",,,"-9.56","-9.56",,,,,"41.80260805","-87.72071352114713","POINT (-87.72071352114713 41.80260805)","DQXJA8041_2026-01-27T12_14"
"DWMUZ3935","2026-01-26T23:38:36.000","Lincoln Square 2",,,,,,,,,,,,,,,,,,,,,"18.5","12.0","12.25","12.25",,,"59.59","59.59",,,"-13.05","-13.05",,,,,"41.962318350000004","-87.69021417611607","POINT (-87.69021417611607 41.962318350000004)","DWMUZ3935_2026-01-26T23_38"
"DYWHJ8696","2026-02-10T23:11:52.000","Chicago Lawn 1",,,,,,,,,,,,,,,,,,,"19.62","16.21","45.47","22.21","35.15","35.15",,,"56.05","56.05",,,"7.82","7.82",,,,,"41.7773501","-87.7035278237011","POINT (-87.7035278237011 41.7773501)","DYWHJ8696_2026-02-10T23_11"
"DMTRR1120","2026-01-27T12:18:07.000","Burnside 1",,,,,,,,,,,,,,,,,,,,,"34.04","17.08","19.0","19.0",,,"73.53","73.53",,,"-10.08","-10.08",,,,,"41.7264486","-87.60347733401628","POINT (-87.60347733401628 41.7264486)","DMTRR1120_2026-01-27T12_18"
"DFIBC1899","2026-01-27T10:08:51.000","South Deering 7","993.0","993.0",,,,,,,,,,,,,,,,,,,"32.8","15.19","15.32","15.32","71.1","71.1","62.79","62.79","-10.6","-10.6","-8.69","-8.69","244.58","244.58","2.14","2.14","41.66442141105966","-87.58654247521171","POINT (-87.58654247521171 41.66442141105966)","DFIBC1899_2026-01-27T10_08"
"DAPBK7657","2026-01-26T21:33:19.000","South Lawndale 2",,,,,,,,,,,,,,,,,,,,,"22.46","13.19","10.28","10.28",,,"52.94","52.94",,,"-10.52","-10.52",,,,,"41.8402538","-87.70343516174668","POINT (-87.70343516174668 41.8402538)","DAPBK7657_2026-01-26T21_33"
"DGRSB4646","2026-01-27T01:59:02.000","Belmont Cragin 1",,,,,,,,,,,,,,,,,,,,,"10.38","7.52","7.2","7.2",,,"63.27","63.27",,,"-13.73","-13.73",,,,,"41.93583815","-87.7807855303175","POINT (-87.7807855303175 41.93583815)","DGRSB4646_2026-01-27T01_59"
"DXEMM9791","2026-02-10T14:21:54.000","Chatham 2",,,,,,,,,,,,,,,,,,,"15.62","18.63","46.12","20.4","35.63","35.63",,,"68.63","68.63",,,"4.88","4.88",,,,,"41.7389797","-87.60272773313176","POINT (-87.60272773313176 41.7389797)","DXEMM9791_2026-02-10T14_21"
"DWEIE9311","2026-02-10T04:43:29.000","Bridgeport 2",,,,,,,,,,,,,,,,,,,"21.24","19.63","56.67","26.61","36.33","36.33",,,"65.26","65.26",,,"2.91","2.91",,,,,"41.8278059","-87.65209362442712","POINT (-87.65209362442712 41.8278059)","DWEIE9311_2026-02-10T04_43"
"DDHVZ6546","2026-01-27T00:38:03.000","Near West Side 5",,,,,,,,,,,,,,,,,,,,,"21.22","11.15","10.35","10.35",,,"58.63","58.63",,,"-13.57","-13.57",,,,,"41.86559955","-87.65178513039949","POINT (-87.65178513039949 41.86559955)","DDHVZ6546_2026-01-27T00_38"
"DRCQU4244","2026-01-27T01:25:47.000","Roseland 5",,,,,,,,,,,,,,,,,,,,,"13.0","10.22","8.6","8.6",,,"64.02","64.02",,,"-14.81","-14.81",,,,,"41.688699041017024","-87.63708150083987","POINT (-87.63708150083987 41.688699041017024)","DRCQU4244_2026-01-27T01_25"
"DIIPF3878","2026-01-27T03:18:08.000","Edgewater 2",,,,,,,,,,,,,,,,,,,,,"35.5","16.02","20.27","20.27",,,"65.66","65.66",,,"-13.03","-13.03",,,,,"41.9859255","-87.65593","POINT (-87.65593 41.9859255)","DIIPF3878_2026-01-27T03_18"
"DHUBD2135","2026-01-26T18:16:08.000","Norwood Park 3",,,,,,,,,,,,,,,,,,,,,"15.81","10.88","9.82","9.82",,,"46.93","46.93",,,"-12.45","-12.45",,,,,"41.98985225","-87.78029629432729","POINT (-87.78029629432729 41.98985225)","DHUBD2135_2026-01-26T18_16"
"DFQDK6326","2026-01-27T10:51:31.000","Beverly 1",,,,,,,,,,,,,,,,,,,,,"28.15","13.86","15.35","15.35",,,"68.97","68.97",,,"-9.97","-9.97",,,,,"41.732839299999995","-87.67465490628803","POINT (-87.67465490628803 41.732839299999995)","DFQDK6326_2026-01-27T10_51"
"DNVBM2851","2026-01-27T00:25:41.000","Englewood 5",,,,,,,,,,,,,,,,,,,,,"14.88","8.58","7.08","7.08",,,"58.42","58.42",,,"-13.71","-13.71",,,,,"41.764561","-87.65314835000001","POINT (-87.65314835000001 41.764561)","DNVBM2851_2026-01-27T00_25"
"DAWAP1896","2026-01-27T05:29:01.000","Greater Grand Crossing 5",,,,,,,,,,,,,,,,,,,,,"28.23","13.13","15.63","15.63",,,"67.24","67.24",,,"-12.99","-12.99",,,,,"41.7516673","-87.61940269812234","POINT (-87.61940269812234 41.7516673)","DAWAP1896_2026-01-27T05_29"
"DUNKA8014","2026-01-26T23:26:25.000","North Park 3",,,,,,,,,,,,,,,,,,,,,"24.85","13.33","11.49","11.49",,,"57.11","57.11",,,"-12.81","-12.81",,,,,"41.9803401","-87.74288842798109","POINT (-87.74288842798109 41.9803401)","DUNKA8014_2026-01-26T23_26"
"DSHWY2305","2026-01-26T23:02:13.000","Irving Park 3",,,,,,,,,,,,,,,,,,,,,"16.96","10.31","10.02","10.02",,,"58.81","58.81",,,"-12.49","-12.49",,,,,"41.9490356","-87.72654561437082","POINT (-87.72654561437082 41.9490356)","DSHWY2305_2026-01-26T23_02"
"DHUBD2135","2026-01-27T11:17:06.000","Norwood Park 3",,,,,,,,,,,,,,,,,,,,,"35.9","14.4","20.42","20.42",,,"71.78","71.78",,,"-10.05","-10.05",,,,,"41.98985225","-87.78029629432729","POINT (-87.78029629432729 41.98985225)","DHUBD2135_2026-01-27T11_17"
"DMYFE2499","2026-01-27T10:23:55.000","North Lawndale 3",,,,,,,,,,,,,,,,,,,,,"28.83","14.65","13.91","13.91",,,"69.38","69.38",,,"-10.1","-10.1",,,,,"41.86563285","-87.70345920195152","POINT (-87.70345920195152 41.86563285)","DMYFE2499_2026-01-27T10_23"
"DXRZC4102","2026-02-10T21:12:41.000","New City 1",,,,,,,,,,,,,,,,,,,"9.8","21.09","33.92","18.94","26.56","26.56",,,"48.89","48.89",,,"11.31","11.31",,,,,"41.8149286","-87.66950393452069","POINT (-87.66950393452069 41.8149286)","DXRZC4102_2026-02-10T21_12"
"DQWCU6663","2026-01-27T04:09:56.000","Austin 6",,,,,,,,,,,,,,,,,,,,,"30.65","13.37","17.11","17.11",,,"65.61","65.61",,,"-12.57","-12.57",,,,,"41.865808","-87.77006790729428","POINT (-87.77006790729428 41.865808)","DQWCU6663_2026-01-27T04_09"
"DTUGZ9693","2026-02-10T21:04:27.000","Lake View 3",,,,,,,,,,,,,,,,,,,"14.13","13.96","42.78","18.53","29.16","29.16",,,"62.65","62.65",,,"6.86","6.86",,,,,"41.93498346759276","-87.63645802882175","POINT (-87.63645802882175 41.93498346759276)","DTUGZ9693_2026-02-10T21_04"
"DBDSX9338","2026-02-10T23:10:15.000","South Shore 2",,,,,,,,,,,,,,,,,,,"25.18","21.9","41.28","23.13","29.01","29.01",,,"70.52","70.52",,,"4.4","4.4",,,,,"41.76396055","-87.56920031233949","POINT (-87.56920031233949 41.76396055)","DBDSX9338_2026-02-10T23_10"
"DRYBG8957","2026-01-26T12:43:20.000","McKinley Park 2",,,,,,,,,,,,,,,,,,,,,"14.65","8.16","6.28","6.28",,,"64.81","64.81",,,"-16.07","-16.07",,,,,"41.827580350000005","-87.66937111952846","POINT (-87.66937111952846 41.827580350000005)","DRYBG8957_2026-01-26T12_43"
"DRJGY6541","2026-01-27T09:40:05.000","West Elsdon 1",,,,,,,,,,,,,,,,,,,,,"26.96","13.7","17.28","17.28",,,"68.33","68.33",,,"-10.48","-10.48",,,,,"41.7903099","-87.73683774404154","POINT (-87.73683774404154 41.7903099)","DRJGY6541_2026-01-27T09_40"
"DTYDP5264","2026-01-26T23:00:03.000","Norwood Park 1",,,,,,,,,,,,,,,,,,,,,"11.62","9.1","7.97","7.97",,,"56.94","56.94",,,"-12.56","-12.56",,,,,"41.9884148","-87.81462388174296","POINT (-87.81462388174296 41.9884148)","DTYDP5264_2026-01-26T23_00"
"DAEXF8484","2026-01-27T03:07:16.000","Mount Greenwood 1",,,,,,,,,,,,,,,,,,,,,"34.3","17.27","20.02","20.02",,,"70.05","70.05",,,"-14.62","-14.62",,,,,"41.70576455","-87.710860211544","POINT (-87.710860211544 41.70576455)","DAEXF8484_2026-01-27T03_07"
"DGTDZ6242","2026-02-11T00:00:39.000","Forest Glen 3",,,,,,,,,,,,,,,,,,,"26.2","21.7","43.35","22.4","37.45","37.45",,,"65.68","65.68",,,"4.47","4.47",,,,,"41.98958085","-87.74435264432117","POINT (-87.74435264432117 41.98958085)","DGTDZ6242_2026-02-11T00_00"
